 Men's Cotton T-Shirt,239,3.8 out of 5 stars,https://m.media-amazon.com/images/I/61SELka12YL._AC_UL320_.jpg,https://www.amazon.in/Young-Trendz-Cotton-T-Shirt-Large/dp/B06Y6FSLM2/ref=sr_1_1?dchild=1&keywords=young+trendz+t+shirts+men&qid=1599123639&sr=8-1
 Men's Cotton Panda Eyes Printed Bio-wash Tshirt,239,3.2 out of 5 stars,https://m.media-amazon.com/images/I/61TOQxsj8vL._AC_UL320_.jpg,https://www.amazon.in/Trendz-Cotton-Printed-Bio-wash-Tshirt/dp/B071RDFSRN/ref=sr_1_2?dchild=1&keywords=young+trendz+t+shirts+men&qid=1599123639&sr=8-2
 Men's Regular fit T-Shirt ,420,NA,https://m.media-amazon.com/images/I/511MERt-6PL._AC_UL320_.jpg,https://www.amazon.in/YOUNG-TRENDZ-Regular-T-Shirt-2CO_HS-BLK_WHT_Multicoloured/dp/B07Z1QHM8V/ref=sr_1_3?dchild=1&keywords=young+trendz+t+shirts+men&qid=1599123639&sr=8-3
 Men's Regular fit T-Shirt ,525,NA,https://m.media-amazon.com/images/I/51Crsx4-ClL._AC_UL320_.jpg,https://www.amazon.in/YOUNG-TRENDZ-Regular-T-Shirt-2CO_HS-BLK_YLW_Multicoloured/dp/B07ZWC9K65/ref=sr_1_4?dchild=1&keywords=young+trendz+t+shirts+men&qid=1599123639&sr=8-4
 Men's Cotton T-Shirt,303,3.7 out of 5 stars,https://m.media-amazon.com/images/I/71vglXOy+NL._AC_UL320_.jpg,https://www.amazon.in/Young-Trendz-Cotton-T-Shirt-Medium/dp/B01N4L406L/ref=sr_1_5?dchild=1&keywords=young+trendz+t+shirts+men&qid=1599123639&sr=8-5
 Mens Combo Full Sleeve Solid T-Shirts,499,NA,https://m.media-amazon.com/images/I/71Uc36RuozL._AC_UL320_.jpg,https://www.amazon.in/YOUNG-TRENDZ-Sleeve-T-Shirts-Navy-Grey/dp/B07NPBYFMM/ref=sr_1_6?dchild=1&keywords=young+trendz+t+shirts+men&qid=1599123639&sr=8-6
 Men's Cotton T-Shirt,349,NA,https://m.media-amazon.com/images/I/819fCKpcyKL._AC_UL320_.jpg,https://www.amazon.in/Young-Trendz-Cotton-T-Shirt-X-Large/dp/B072KDP217/ref=sr_1_7?dchild=1&keywords=young+trendz+t+shirts+men&qid=1599123639&sr=8-7
 Men's Cotton T-Shirt,549,NA,https://m.media-amazon.com/images/I/61E1x+vFzYL._AC_UL320_.jpg,https://www.amazon.in/YOUNG-TRENDZ-Printed-Regular-Flock-Wolf-White/dp/B07ZGNKWV7/ref=sr_1_8?dchild=1&keywords=young+trendz+t+shirts+men&qid=1599123639&sr=8-8
 Men's Regular fit T-Shirt ,420,NA,https://m.media-amazon.com/images/I/51y3wEw223L._AC_UL320_.jpg,https://www.amazon.in/YOUNG-TRENDZ-Regular-T-Shirt-2CO_HS-BLK_MRN_Multicoloured/dp/B07Z1QPV9D/ref=sr_1_9?dchild=1&keywords=young+trendz+t+shirts+men&qid=1599123639&sr=8-9
 Men's Cotton NOTERELAX Printed Curved Hem Tshirt,294,3.3 out of 5 stars,https://m.media-amazon.com/images/I/61Joj6oS7cL._AC_UL320_.jpg,https://www.amazon.in/Trendz-Cotton-NoteRelax-Printed-Curved/dp/B07143WXMH/ref=sr_1_10?dchild=1&keywords=young+trendz+t+shirts+men&qid=1599123639&sr=8-10
 Men's Plain Regular fit T-Shirt ,879,NA,https://m.media-amazon.com/images/I/61x5vw-4GKL._AC_UL320_.jpg,https://www.amazon.in/YOUNG-TRENDZ-Sleeve-T-Shirts-Black-White-Grey/dp/B07P5FD6SZ/ref=sr_1_11?dchild=1&keywords=young+trendz+t+shirts+men&qid=1599123639&sr=8-11
 Men's Cotton T-Shirt,349,5.0 out of 5 stars,https://m.media-amazon.com/images/I/81v9Pq2atNL._AC_UL320_.jpg,https://www.amazon.in/Trendz-Cotton-T-Shirt-Maroon-X-Large/dp/B071WP35DZ/ref=sr_1_12?dchild=1&keywords=young+trendz+t+shirts+men&qid=1599123639&sr=8-12
 Men's Regular fit T-Shirt ,420,NA,https://m.media-amazon.com/images/I/51y3wEw223L._AC_UL320_.jpg,https://www.amazon.in/YOUNG-TRENDZ-Regular-T-Shirt-2CO_HS-BLK_MRN_Multicoloured/dp/B07Z1QQFFF/ref=sr_1_13?dchild=1&keywords=young+trendz+t+shirts+men&qid=1599123639&sr=8-13
 Men's Cotton T-Shirt,294,5.0 out of 5 stars,https://m.media-amazon.com/images/I/61knlvEP9mL._AC_UL320_.jpg,https://www.amazon.in/Young-Trendz-Cotton-T-Shirt-Medium/dp/B072HR3RFZ/ref=sr_1_14?dchild=1&keywords=young+trendz+t+shirts+men&qid=1599123639&sr=8-14
 Men's Cotton T-Shirt,303,4.0 out of 5 stars,https://m.media-amazon.com/images/I/81JYtNNWUeL._AC_UL320_.jpg,https://www.amazon.in/Young-Trendz-Cotton-T-Shirt-Medium/dp/B071F72WNV/ref=sr_1_15?dchild=1&keywords=young+trendz+t+shirts+men&qid=1599123639&sr=8-15
 Men's Cotton Vest,290,3.1 out of 5 stars,https://m.media-amazon.com/images/I/71OK7fd+AkL._AC_UL320_.jpg,https://www.amazon.in/Trendz-Cotton-Bio-wash-Noterelax-Printed/dp/B071HX2VT9/ref=sr_1_16?dchild=1&keywords=young+trendz+t+shirts+men&qid=1599123639&sr=8-16
 Men's Regular Fit T-Shirt,299,3.7 out of 5 stars,https://m.media-amazon.com/images/I/61Z8mJKVzDL._AC_UL320_.jpg,https://www.amazon.in/gp/slredirect/picassoRedirect.html/ref=pa_sp_mtf_aps_sr_pg1_1?ie=UTF8&adId=A0201796154D0V59I3JEP&url=%2FLeotude-Cotton-T-shirt-Maroon-Large%2Fdp%2FB07JDTG95Z%2Fref%3Dsr_1_17_sspa%3Fdchild%3D1%26keywords%3Dyoung%2Btrendz%2Bt%2Bshirts%2Bmen%26qid%3D1599123639%26sr%3D8-17-spons%26psc%3D1&qualifier=1599123639&id=720961393453230&widgetName=sp_mtf
 Men's Regular Fit T-Shirt,498,3.8 out of 5 stars,https://m.media-amazon.com/images/I/617KIbv0V5L._AC_UL320_.jpg,https://www.amazon.in/gp/slredirect/picassoRedirect.html/ref=pa_sp_mtf_aps_sr_pg1_1?ie=UTF8&adId=A01441822S2GOJ1L973A5&url=%2FGraphic-Printed-T-Shirt-Sleeve-Cotton%2Fdp%2FB07D2XW4G1%2Fref%3Dsr_1_18_sspa%3Fdchild%3D1%26keywords%3Dyoung%2Btrendz%2Bt%2Bshirts%2Bmen%26qid%3D1599123639%26sr%3D8-18-spons%26psc%3D1%26smid%3DA2OL4QYHZRJQUC&qualifier=1599123639&id=720961393453230&widgetName=sp_mtf
 Men's Slim Fit T-Shirt,199,NA,https://m.media-amazon.com/images/I/81fGE92sXhL._AC_UL320_.jpg,https://www.amazon.in/gp/slredirect/picassoRedirect.html/ref=pa_sp_mtf_aps_sr_pg1_1?ie=UTF8&adId=A07243501VTSYG9N9T69F&url=%2FEASY-BUY-T-Shirt-SU91GA25MT_Olive-Green%2Fdp%2FB08C89KMGG%2Fref%3Dsr_1_19_sspa%3Fdchild%3D1%26keywords%3Dyoung%2Btrendz%2Bt%2Bshirts%2Bmen%26qid%3D1599123639%26sr%3D8-19-spons%26psc%3D1&qualifier=1599123639&id=720961393453230&widgetName=sp_mtf
 Men's Polo Cotton Regular Fit Half Sleeves T-Shirt,479,4.0 out of 5 stars,https://m.media-amazon.com/images/I/61bUKuyZD3L._AC_UL320_.jpg,https://www.amazon.in/gp/slredirect/picassoRedirect.html/ref=pa_sp_mtf_aps_sr_pg1_1?ie=UTF8&adId=A09306789GEYHRLPAHHK&url=%2FCHKOKKO-Cotton-Sleeves-Shirts-Indigo%2Fdp%2FB078W6MNYC%2Fref%3Dsr_1_20_sspa%3Fdchild%3D1%26keywords%3Dyoung%2Btrendz%2Bt%2Bshirts%2Bmen%26qid%3D1599123639%26sr%3D8-20-spons%26psc%3D1&qualifier=1599123639&id=720961393453230&widgetName=sp_mtf
 Men's Cotton T-Shirt,349,3.3 out of 5 stars,https://m.media-amazon.com/images/I/81mzNJ4szhL._AC_UL320_.jpg,https://www.amazon.in/Trendz-Cotton-T-Shirt-Orange-Grey-X-Large/dp/B072R3H6GH/ref=sr_1_21?dchild=1&keywords=young+trendz+t+shirts+men&qid=1599123639&sr=8-21
 Men's Printed Regular fit T-Shirt,512,3.9 out of 5 stars,https://m.media-amazon.com/images/I/718jwPRHnuL._AC_UL320_.jpg,https://www.amazon.in/DUO-Womens-Cotton-Couple-T-Shirt/dp/B07BWFMDW3/ref=sr_1_22?dchild=1&keywords=young+trendz+t+shirts+men&qid=1599123639&sr=8-22
 Men's Printed Regular fit T-Shirt,525,3.8 out of 5 stars,https://m.media-amazon.com/images/I/71K4o08mAeL._AC_UL320_.jpg,https://www.amazon.in/DUO-Womens-Cotton-Couple-T-Shirt/dp/B07CB43WHL/ref=sr_1_23?dchild=1&keywords=young+trendz+t+shirts+men&qid=1599123639&sr=8-23
 Men's Cotton FBI Printed Bio-wash Tshirt,349,1.0 out of 5 stars,https://m.media-amazon.com/images/I/71Qt8V+4mhL._AC_UL320_.jpg,https://www.amazon.in/Trendz-Cotton-Printed-Bio-wash-Tshirt/dp/B071WZ8QJD/ref=sr_1_24?dchild=1&keywords=young+trendz+t+shirts+men&qid=1599123639&sr=8-24
 Men's Cotton T-Shirt,239,1.0 out of 5 stars,https://m.media-amazon.com/images/I/81agP5ojIeL._AC_UL320_.jpg,https://www.amazon.in/Trendz-Cotton-T-Shirt-Orange-Medium/dp/B071K841M9/ref=sr_1_25?dchild=1&keywords=young+trendz+t+shirts+men&qid=1599123639&sr=8-25
 Mens Combo Half Sleeve Solid Cotton T-Shirt,449,NA,https://m.media-amazon.com/images/I/61Gbebe1tcL._AC_UL320_.jpg,https://www.amazon.in/YOUNG-TRENDZ-Sleeve-T-Shirt-Grey-Orange/dp/B07MWZ8SC8/ref=sr_1_26?dchild=1&keywords=young+trendz+t+shirts+men&qid=1599123639&sr=8-26
 Men's Cotton T-Shirt,999,NA,https://m.media-amazon.com/images/I/61nannP7vvL._AC_UL320_.jpg,https://www.amazon.in/Young-Trendz-Cotton-T-Shirt-Medium/dp/B0728C6RXH/ref=sr_1_27?dchild=1&keywords=young+trendz+t+shirts+men&qid=1599123639&sr=8-27
 Men's Cotton T-Shirt,349,3.0 out of 5 stars,https://m.media-amazon.com/images/I/81xXSC1RhNL._AC_UL320_.jpg,https://www.amazon.in/Trendz-Cotton-T-Shirt-Maroon-Medium/dp/B071K6FWFT/ref=sr_1_28?dchild=1&keywords=young+trendz+t+shirts+men&qid=1599123639&sr=8-28
 Men's Cotton Vest,290,NA,https://m.media-amazon.com/images/I/81HxlNnPxCL._AC_UL320_.jpg,https://www.amazon.in/Trendz-Cotton-Bio-wash-Stronger-Printed/dp/B0725S7FWQ/ref=sr_1_29?dchild=1&keywords=young+trendz+t+shirts+men&qid=1599123639&sr=8-29
 Men's Cotton T-Shirt,294,3.1 out of 5 stars,https://m.media-amazon.com/images/I/61cEQS3kv1L._AC_UL320_.jpg,https://www.amazon.in/Young-Trendz-Cotton-T-Shirt-Medium/dp/B0722W1MVF/ref=sr_1_30?dchild=1&keywords=young+trendz+t+shirts+men&qid=1599123639&sr=8-30
 Men's & Women's Regular Fit T-Shirt,499,4.6 out of 5 stars,https://m.media-amazon.com/images/I/81Eh1ZzC65L._AC_UL320_.jpg,https://www.amazon.in/Young-Trendz-Cotton-Couple-T-Shirt/dp/B079528TJR/ref=sr_1_31?dchild=1&keywords=young+trendz+t+shirts+men&qid=1599123639&sr=8-31
 Mens Combo Full Sleeve Cotton Printed T-Shirt,749,NA,https://m.media-amazon.com/images/I/71t3fJpHlwL._AC_UL320_.jpg,https://www.amazon.in/YOUNG-TRENDZ-Printed-T-Shirt-Navy-Maroon/dp/B07N2X1M6W/ref=sr_1_32?dchild=1&keywords=young+trendz+t+shirts+men&qid=1599123639&sr=8-32
 Men's & Women's Regular Fit T-Shirt ,449,5.0 out of 5 stars,https://m.media-amazon.com/images/I/71YoX2b4l8L._AC_UL320_.jpg,https://www.amazon.in/YOUNG-TRENDZ-Cotton-Couple-T-Shirt/dp/B079NLP83Q/ref=sr_1_33?dchild=1&keywords=young+trendz+t+shirts+men&qid=1599123639&sr=8-33
 Men's Regular fit T-Shirt,499,NA,https://m.media-amazon.com/images/I/613doRTp13L._AC_UL320_.jpg,https://www.amazon.in/YOUNG-TRENDZ-Sleeve-Printed-T-Shirt/dp/B07MY4RY53/ref=sr_1_34?dchild=1&keywords=young+trendz+t+shirts+men&qid=1599123639&sr=8-34
 Men's Printed Regular fit T-Shirt,456,4.5 out of 5 stars,https://m.media-amazon.com/images/I/71WFXgDzTDL._AC_UL320_.jpg,https://www.amazon.in/DUO-Womens-Couple-T-Shirt-Medium/dp/B07BWD7Y3F/ref=sr_1_35?dchild=1&keywords=young+trendz+t+shirts+men&qid=1599123639&sr=8-35
 Men's Bio Wash Fingerlock Full Sleeve Cotton Relax Printed T-Shirt ,309,NA,https://m.media-amazon.com/images/I/61oQOylfodL._AC_UL320_.jpg,https://www.amazon.in/Trendz-Fingerlock-Printed-T-Shirt-X-Large/dp/B078Y5H9B9/ref=sr_1_36?dchild=1&keywords=young+trendz+t+shirts+men&qid=1599123639&sr=8-36
 Men's Printed Regular fit T-Shirt,439,NA,https://m.media-amazon.com/images/I/71lDZFo9MYL._AC_UL320_.jpg,https://www.amazon.in/DUO-Womens-Cotton-T-shirt-X-Large/dp/B07BWP9Z82/ref=sr_1_37?dchild=1&keywords=young+trendz+t+shirts+men&qid=1599123639&sr=8-37
 Men's Cotton T-Shirt,303,NA,https://m.media-amazon.com/images/I/81-bqDiejML._AC_UL320_.jpg,https://www.amazon.in/Trendz-Cotton-T-Shirt-Maroon-X-Large/dp/B01MT600D1/ref=sr_1_38?dchild=1&keywords=young+trendz+t+shirts+men&qid=1599123639&sr=8-38
 Men's Cotton T-Shirt,999,NA,https://m.media-amazon.com/images/I/717WVdLTMuL._AC_UL320_.jpg,https://www.amazon.in/Trendz-Cotton-T-Shirt-Maroon-Medium/dp/B072LLWRRS/ref=sr_1_39?dchild=1&keywords=young+trendz+t+shirts+men&qid=1599123639&sr=8-39
 Men's Cotton T-Shirt,349,NA,https://m.media-amazon.com/images/I/61klGMkk5QL._AC_UL320_.jpg,https://www.amazon.in/Young-Trendz-Cotton-T-Shirt-Medium/dp/B072HYDMQN/ref=sr_1_40?dchild=1&keywords=young+trendz+t+shirts+men&qid=1599123639&sr=8-40
 Men's Printed Regular fit T-Shirt,473,4.2 out of 5 stars,https://m.media-amazon.com/images/I/71bTOmjQYEL._AC_UL320_.jpg,https://www.amazon.in/DUO-Womens-Cotton-Couple-T-Shirt/dp/B07BWKYNFF/ref=sr_1_41?dchild=1&keywords=young+trendz+t+shirts+men&qid=1599123639&sr=8-41
 Men's Cotton T-Shirt,499,NA,https://m.media-amazon.com/images/I/61-R+6WM4rL._AC_UL320_.jpg,https://www.amazon.in/Young-Trendz-Cotton-T-Shirt-Steel/dp/B0748BD76Z/ref=sr_1_42?dchild=1&keywords=young+trendz+t+shirts+men&qid=1599123639&sr=8-42
 Men's Cotton T-Shirt,349,5.0 out of 5 stars,https://m.media-amazon.com/images/I/61UEiQFIRqL._AC_UL320_.jpg,https://www.amazon.in/Young-Trendz-Cotton-T-Shirt-Large/dp/B071D2PSB6/ref=sr_1_43?dchild=1&keywords=young+trendz+t+shirts+men&qid=1599123639&sr=8-43
 Men's Cotton T-Shirt,367,4.5 out of 5 stars,https://m.media-amazon.com/images/I/71vCNoofzML._AC_UL320_.jpg,https://www.amazon.in/Young-Trendz-Cotton-T-Shirt-Medium/dp/B01MD0QI1N/ref=sr_1_44?dchild=1&keywords=young+trendz+t+shirts+men&qid=1599123639&sr=8-44
 Men's Cotton T-Shirt,294,3.8 out of 5 stars,https://m.media-amazon.com/images/I/61oNMQ-RPsL._AC_UL320_.jpg,https://www.amazon.in/Young-Trendz-Cotton-T-Shirt-Large/dp/B0716PVZXP/ref=sr_1_45?dchild=1&keywords=young+trendz+t+shirts+men&qid=1599123639&sr=8-45
 Men's Printed Regular fit T-Shirt,420,NA,https://m.media-amazon.com/images/I/714bN9t2hDL._AC_UL320_.jpg,https://www.amazon.in/DUO-Womens-Couple-T-Shirt-Medium/dp/B07BVZBHB4/ref=sr_1_46?dchild=1&keywords=young+trendz+t+shirts+men&qid=1599123639&sr=8-46
 Womens Round Neck Cotton Top Tshirt,449,NA,https://m.media-amazon.com/images/I/71IPhdfaxrL._AC_UL320_.jpg,https://www.amazon.in/YOUNG-TRENDZ-Printed-T-Shirt-Black-Yellow/dp/B07KWGLPHF/ref=sr_1_47?dchild=1&keywords=young+trendz+t+shirts+men&qid=1599123639&sr=8-47
 Men's Cotton Vest,290,4.0 out of 5 stars,https://m.media-amazon.com/images/I/710nOgPplIL._AC_UL320_.jpg,https://www.amazon.in/Young-Trendz-Mens-Cotton-Large/dp/B071P3KJL8/ref=sr_1_48?dchild=1&keywords=young+trendz+t+shirts+men&qid=1599123639&sr=8-48
 Men's Regular Fit T-Shirt ,499,1.5 out of 5 stars,https://m.media-amazon.com/images/I/71KCoigttaL._AC_UL320_.jpg,https://www.amazon.in/YOUNG-TRENDZ-Sleeve-T-Shirts-Navy-White/dp/B07NPC9YYG/ref=sr_1_49?dchild=1&keywords=young+trendz+t+shirts+men&qid=1599123639&sr=8-49
 Men's Printed Regular fit T-Shirt,302,NA,https://m.media-amazon.com/images/I/71e7N85Ec2L._AC_UL320_.jpg,https://www.amazon.in/DUO-Womens-Couple-T-Shirt-Medium/dp/B07BWD5ZHD/ref=sr_1_50?dchild=1&keywords=young+trendz+t+shirts+men&qid=1599123639&sr=8-50
 Men's Cotton T-Shirt,294,NA,https://m.media-amazon.com/images/I/61HC2IWgagL._AC_UL320_.jpg,https://www.amazon.in/Young-Trendz-Cotton-T-Shirt-White/dp/B072F7Z5NM/ref=sr_1_51?dchild=1&keywords=young+trendz+t+shirts+men&qid=1599123639&sr=8-51
 Men's Cotton T-Shirt,349,3.0 out of 5 stars,https://m.media-amazon.com/images/I/81+5okD-LIL._AC_UL320_.jpg,https://www.amazon.in/Young-Trendz-Cotton-T-Shirt-Medium/dp/B072QYL7C5/ref=sr_1_52?dchild=1&keywords=young+trendz+t+shirts+men&qid=1599123639&sr=8-52
 Slim Fit Mens Tshirt 100% Cotton,279,3.8 out of 5 stars,https://m.media-amazon.com/images/I/81bH-ECSp2L._AC_UL320_.jpg,https://www.amazon.in/gp/slredirect/picassoRedirect.html/ref=pa_sp_btf_aps_sr_pg1_1?ie=UTF8&adId=A05639872PFFP1XR5GVVR&url=%2FParticle-Slim-Mens-Tshirt-Cotton%2Fdp%2FB076LN58MT%2Fref%3Dsr_1_53_sspa%3Fdchild%3D1%26keywords%3Dyoung%2Btrendz%2Bt%2Bshirts%2Bmen%26qid%3D1599123639%26sr%3D8-53-spons%26psc%3D1&qualifier=1599123639&id=720961393453230&widgetName=sp_btf
 Active Men'S Grey Short Sleeve T-Shirt,539,5.0 out of 5 stars,https://m.media-amazon.com/images/I/61EH9wKflQL._AC_UL320_.jpg,https://www.amazon.in/gp/slredirect/picassoRedirect.html/ref=pa_sp_btf_aps_sr_pg1_1?ie=UTF8&adId=A03781102RXXPE2U5ALMT&url=%2FProline-Active-Polyester-T-Shirt-Grey_M_PA17313L%2Fdp%2FB07VMGPR16%2Fref%3Dsr_1_54_sspa%3Fdchild%3D1%26keywords%3Dyoung%2Btrendz%2Bt%2Bshirts%2Bmen%26qid%3D1599123639%26sr%3D8-54-spons%26psc%3D1&qualifier=1599123639&id=720961393453230&widgetName=sp_btf
 Men's Teal Chest Print Cotton T-shirt ,539,3.7 out of 5 stars,https://m.media-amazon.com/images/I/615+PD+WmSL._AC_UL320_.jpg,https://www.amazon.in/gp/slredirect/picassoRedirect.html/ref=pa_sp_btf_aps_sr_pg1_1?ie=UTF8&adId=A0384386D0XJV3GF7DKI&url=%2FProline-Chest-Cotton-T-shirt-PV18017L_TL-Multi-Cotton%2Fdp%2FB0841QD8LS%2Fref%3Dsr_1_55_sspa%3Fdchild%3D1%26keywords%3Dyoung%2Btrendz%2Bt%2Bshirts%2Bmen%26qid%3D1599123639%26sr%3D8-55-spons%26psc%3D1&qualifier=1599123639&id=720961393453230&widgetName=sp_btf
 Men's Slim Fit T-Shirt,399,NA,https://m.media-amazon.com/images/I/81GO8U3ThkL._AC_UL320_.jpg,https://www.amazon.in/gp/slredirect/picassoRedirect.html/ref=pa_sp_btf_aps_sr_pg1_1?ie=UTF8&adId=A10482212PM31HEC0NXYS&url=%2FDACE-Regular-T-Shirts-Silver-X-Large%2Fdp%2FB088TV1YLC%2Fref%3Dsr_1_56_sspa%3Fdchild%3D1%26keywords%3Dyoung%2Btrendz%2Bt%2Bshirts%2Bmen%26qid%3D1599123639%26sr%3D8-56-spons%26psc%3D1&qualifier=1599123639&id=720961393453230&widgetName=sp_btf
 Men's Striped Regular Fit T-Shirt,299,4.3 out of 5 stars,https://m.media-amazon.com/images/I/81qclQluxNL._AC_UL320_.jpg,https://www.amazon.in/gp/slredirect/picassoRedirect.html/ref=pa_sp_btf_aps_sr_pg1_1?ie=UTF8&adId=A10160882I2CH3LLTJCYC&url=%2FCazibe-Striped-Regular-T-Shirt-CZ11107_Ecru%2Fdp%2FB083V2G88X%2Fref%3Dsr_1_57_sspa%3Fdchild%3D1%26keywords%3Dyoung%2Btrendz%2Bt%2Bshirts%2Bmen%26qid%3D1599123639%26sr%3D8-57-spons%26psc%3D1&qualifier=1599123639&id=720961393453230&widgetName=sp_btf
 Mens Half T-Shirt|Half Sleeves T-Shirts for Men|Mens Cotton T-Shirt,499,3.2 out of 5 stars,https://m.media-amazon.com/images/I/51kvwuZaECL._AC_UL320_.jpg,https://www.amazon.in/gp/slredirect/picassoRedirect.html/ref=pa_sp_btf_aps_sr_pg1_1?ie=UTF8&adId=A049106320ANF17W70MMX&url=%2FFashion-Gallery-T-Shirt-Sleeves-T-Shirts%2Fdp%2FB08BZPWZGF%2Fref%3Dsr_1_58_sspa%3Fdchild%3D1%26keywords%3Dyoung%2Btrendz%2Bt%2Bshirts%2Bmen%26qid%3D1599123639%26sr%3D8-58-spons%26psc%3D1&qualifier=1599123639&id=720961393453230&widgetName=sp_btf
 Men's Round Neck Half Sleeves Born to Ride Printed T-Shirt,699,NA,https://m.media-amazon.com/images/I/61RyWeafxFL._AC_UL320_.jpg,https://www.amazon.in/gp/slredirect/picassoRedirect.html/ref=pa_sp_btf_aps_sr_pg1_1?ie=UTF8&adId=A0740688CQK8232KYY7P&url=%2FWanderlooms-Round-Sleeves-Printed-T-Shirt%2Fdp%2FB088H4KWSS%2Fref%3Dsr_1_59_sspa%3Fdchild%3D1%26keywords%3Dyoung%2Btrendz%2Bt%2Bshirts%2Bmen%26qid%3D1599123639%26sr%3D8-59-spons%26psc%3D1&qualifier=1599123639&id=720961393453230&widgetName=sp_btf
 Men's Black Chest Print Cotton T-shirt ,659,NA,https://m.media-amazon.com/images/I/61Yecg0NVNL._AC_UL320_.jpg,https://www.amazon.in/gp/slredirect/picassoRedirect.html/ref=pa_sp_btf_aps_sr_pg1_1?ie=UTF8&adId=A03839943GWJ10KXC07ZM&url=%2FProline-Black-Cotton-T-shirt-PV18013L_BK-Black-Cotton%2Fdp%2FB0841QX643%2Fref%3Dsr_1_60_sspa%3Fdchild%3D1%26keywords%3Dyoung%2Btrendz%2Bt%2Bshirts%2Bmen%26qid%3D1599123639%26sr%3D8-60-spons%26psc%3D1&qualifier=1599123639&id=720961393453230&widgetName=sp_btf
