 Apple iPhone 11 (128GB) - Black;4.5 out of 5 stars;https://m.media-amazon.com/images/I/51kGDXeFZKL._AC_UY218_.jpg;69,900;https://www.amazon.in/gp/slredirect/picassoRedirect.html/ref=pa_sp_atf_aps_sr_pg1_1?ie=UTF8&adId=A094278725GV9I3L4VQUG&url=%2FApple-iPhone-11-128GB-Black%2Fdp%2FB07XVLW7YK%2Fref%3Dsr_1_1_sspa%3Fdchild%3D1%26keywords%3Dmobile%26qid%3D1599223252%26sr%3D8-1-spons%26psc%3D1&qualifier=1599223251&id=8022089921334426&widgetName=sp_atf
 Apple iPhone 7 (32GB) - Black;4.3 out of 5 stars;https://m.media-amazon.com/images/I/41D9NDiSzjL._AC_UY218_.jpg;29,799;https://www.amazon.in/gp/slredirect/picassoRedirect.html/ref=pa_sp_atf_aps_sr_pg1_1?ie=UTF8&adId=A0715554A4L4V7YT3TXO&url=%2FApple-iPhone-Black-32GB-Storage%2Fdp%2FB01LZKSVRB%2Fref%3Dsr_1_2_sspa%3Fdchild%3D1%26keywords%3Dmobile%26qid%3D1599223252%26sr%3D8-2-spons%26psc%3D1&qualifier=1599223251&id=8022089921334426&widgetName=sp_atf
 Redmi 8A Dual (Sea Blue, 2GB RAM, 32GB Storage) – Dual Cameras & 5,000 mAH Battery;4.0 out of 5 stars;https://m.media-amazon.com/images/I/71yXShgxvpL._AC_UY218_.jpg;7,499;https://www.amazon.in/Redmi-8A-Dual-Blue-Storage/dp/B07X4R63DF/ref=sr_1_3?dchild=1&keywords=mobile&qid=1599223252&sr=8-3
 OPPO A5 2020 (Dazzling White, 4GB RAM, 64GB Storage) with No Cost EMI/Additional Exchange Offers;4.1 out of 5 stars;https://m.media-amazon.com/images/I/71wPwmxo2NL._AC_UY218_.jpg;11,990;https://www.amazon.in/CPH1933-Oppo-A52020-4GB/dp/B07SDPJ4XJ/ref=sr_1_4?dchild=1&keywords=mobile&qid=1599223252&sr=8-4
 Redmi 8A Dual (Sea Blue, 3GB RAM, 32GB Storage) – Dual Cameras & 5,000 mAH Battery;4.0 out of 5 stars;https://m.media-amazon.com/images/I/71yXShgxvpL._AC_UY218_.jpg;8,299;https://www.amazon.in/Redmi-8A-Dual-Blue-Storage/dp/B07WPVLKPW/ref=sr_1_5?dchild=1&keywords=mobile&qid=1599223252&sr=8-5
 Samsung Galaxy M21 (Midnight Blue, 4GB RAM, 64GB Storage);4.2 out of 5 stars;https://m.media-amazon.com/images/I/71dujTTJDZL._AC_UY218_.jpg;13,999;https://www.amazon.in/Test-Exclusive-614/dp/B07HGJJ559/ref=sr_1_6?dchild=1&keywords=mobile&qid=1599223252&sr=8-6
 Samsung Galaxy M01 (Black, 3GB RAM, 32GB Storage) with No Cost EMI/Additional Exchange Offers;3.9 out of 5 stars;https://m.media-amazon.com/images/I/81onqHVeECL._AC_UY218_.jpg;8,399;https://www.amazon.in/Samsung-Galaxy-Storage-Additional-Exchange/dp/B086KCCMCP/ref=sr_1_7?dchild=1&keywords=mobile&qid=1599223252&sr=8-7
 Redmi 8A Dual (Sky White, 2GB RAM, 32GB Storage) – Dual Cameras & 5,000 mAH Battery;4.0 out of 5 stars;https://m.media-amazon.com/images/I/710p2f-zAdL._AC_UY218_.jpg;None;https://www.amazon.in/Redmi-8A-Dual-White-Storage/dp/B07X1KSWZ3/ref=sr_1_8?dchild=1&keywords=mobile&qid=1599223252&sr=8-8
 Redmi 8A Dual (Midnight Grey, 2GB RAM, 32GB Storage) – Dual Cameras & 5,000 mAH Battery;4.0 out of 5 stars;https://m.media-amazon.com/images/I/71h+C9wJCjL._AC_UY218_.jpg;7,499;https://www.amazon.in/Redmi-8A-Dual-Midnight-Storage/dp/B07X1KSLC3/ref=sr_1_9?dchild=1&keywords=mobile&qid=1599223252&sr=8-9
 Samsung Galaxy M31 (Ocean Blue, 6GB RAM, 128GB Storage);4.3 out of 5 stars;https://m.media-amazon.com/images/I/71-Su4Wr0HL._AC_UY218_.jpg;17,499;https://www.amazon.in/Samsung-Galaxy-Ocean-128GB-Storage/dp/B07HGGYWL6/ref=sr_1_10?dchild=1&keywords=mobile&qid=1599223252&sr=8-10
 Samsung Galaxy M01 Core (Black, 2GB RAM, 32GB Storage) with No Cost EMI/Additional Exchange Offers;3.0 out of 5 stars;https://m.media-amazon.com/images/I/71AYb2AGHXL._AC_UY218_.jpg;6,499;https://www.amazon.in/Samsung-Galaxy-Storage-Additional-Exchange/dp/B089MQ622N/ref=sr_1_11?dchild=1&keywords=mobile&qid=1599223252&sr=8-11
 Redmi 8A Dual (Sky White, 3GB RAM, 32GB Storage) – Dual Cameras & 5,000 mAH Battery;4.0 out of 5 stars;https://m.media-amazon.com/images/I/710p2f-zAdL._AC_UY218_.jpg;8,299;https://www.amazon.in/Redmi-8A-Dual-White-Storage/dp/B07X3P1N3H/ref=sr_1_12?dchild=1&keywords=mobile&qid=1599223252&sr=8-12
 Samsung Galaxy M01 (Blue, 3GB RAM, 32GB Storage) with No Cost EMI/Additional Exchange Offers;3.9 out of 5 stars;https://m.media-amazon.com/images/I/81o1rDu5FZL._AC_UY218_.jpg;8,399;https://www.amazon.in/Samsung-Galaxy-Storage-Additional-Exchange/dp/B086KCDGTQ/ref=sr_1_13?dchild=1&keywords=mobile&qid=1599223252&sr=8-13
 OPPO A5 2020 (Dazzling White, 3GB RAM, 64GB Storage) with No Cost EMI/Additional Exchange Offers;4.1 out of 5 stars;https://m.media-amazon.com/images/I/71wPwmxo2NL._AC_UY218_.jpg;10,990;https://www.amazon.in/Dazzling-Storage-Additional-Exchange-Offers/dp/B07SDPTP6Q/ref=sr_1_14?dchild=1&keywords=mobile&qid=1599223252&sr=8-14
 Samsung Galaxy M21 (Midnight Blue, 6GB RAM, 128GB Storage);4.2 out of 5 stars;https://m.media-amazon.com/images/I/71dujTTJDZL._AC_UY218_.jpg;15,999;https://www.amazon.in/Test-Exclusive-668/dp/B07HGH88GL/ref=sr_1_15?dchild=1&keywords=mobile&qid=1599223252&sr=8-15
 Tecno Spark 6 Air (Ocean Blue, 2GB RAM, 32GB Storage);3.8 out of 5 stars;https://m.media-amazon.com/images/I/71skpdljmvL._AC_UY218_.jpg;7,999;https://www.amazon.in/Tecno-Spark-Ocean-Blue-Storage/dp/B08DJSHY94/ref=sr_1_16?dchild=1&keywords=mobile&qid=1599223252&sr=8-16
 Samsung Galaxy M01 Core (Black, 1GB RAM, 16GB Storage) with No Cost EMI/Additional Exchange Offers;3.0 out of 5 stars;https://m.media-amazon.com/images/I/71AYb2AGHXL._AC_UY218_.jpg;5,498;https://www.amazon.in/Samsung-Galaxy-Storage-Additional-Exchange/dp/B089MTL51J/ref=sr_1_17?dchild=1&keywords=mobile&qid=1599223252&sr=8-17
 I KALL K3 Smartphone (2GB, 16GB) (Red);None;https://m.media-amazon.com/images/I/51nekkqw9qL._AC_UY218_.jpg;5,499;https://www.amazon.in/KALL-K3-Smartphone-2GB-16GB/dp/B08GYWWB4N/ref=sr_1_18?dchild=1&keywords=mobile&qid=1599223252&sr=8-18
 Apple iPhone 11 (128GB) - Black;4.5 out of 5 stars;https://m.media-amazon.com/images/I/51kGDXeFZKL._AC_UY218_.jpg;69,900;https://www.amazon.in/gp/slredirect/picassoRedirect.html/ref=pa_sp_atf_aps_sr_pg1_1?ie=UTF8&adId=A094278725GV9I3L4VQUG&url=%2FApple-iPhone-11-128GB-Black%2Fdp%2FB07XVLW7YK%2Fref%3Dsr_1_1_sspa%3Fdchild%3D1%26keywords%3Dmobile%26qid%3D1599223260%26sr%3D8-1-spons%26psc%3D1&qualifier=1599223260&id=1299051378117892&widgetName=sp_atf
 Apple iPhone 7 (32GB) - Black;4.3 out of 5 stars;https://m.media-amazon.com/images/I/41D9NDiSzjL._AC_UY218_.jpg;29,799;https://www.amazon.in/gp/slredirect/picassoRedirect.html/ref=pa_sp_atf_aps_sr_pg1_1?ie=UTF8&adId=A0715554A4L4V7YT3TXO&url=%2FApple-iPhone-Black-32GB-Storage%2Fdp%2FB01LZKSVRB%2Fref%3Dsr_1_2_sspa%3Fdchild%3D1%26keywords%3Dmobile%26qid%3D1599223260%26sr%3D8-2-spons%26psc%3D1&qualifier=1599223260&id=1299051378117892&widgetName=sp_atf
 Redmi 8A Dual (Sea Blue, 2GB RAM, 32GB Storage) – Dual Cameras & 5,000 mAH Battery;4.0 out of 5 stars;https://m.media-amazon.com/images/I/71yXShgxvpL._AC_UY218_.jpg;7,499;https://www.amazon.in/Redmi-8A-Dual-Blue-Storage/dp/B07X4R63DF/ref=sr_1_3?dchild=1&keywords=mobile&qid=1599223260&sr=8-3
 OPPO A5 2020 (Dazzling White, 4GB RAM, 64GB Storage) with No Cost EMI/Additional Exchange Offers;4.1 out of 5 stars;https://m.media-amazon.com/images/I/71wPwmxo2NL._AC_UY218_.jpg;11,990;https://www.amazon.in/CPH1933-Oppo-A52020-4GB/dp/B07SDPJ4XJ/ref=sr_1_4?dchild=1&keywords=mobile&qid=1599223260&sr=8-4
 Redmi 8A Dual (Sea Blue, 3GB RAM, 32GB Storage) – Dual Cameras & 5,000 mAH Battery;4.0 out of 5 stars;https://m.media-amazon.com/images/I/71yXShgxvpL._AC_UY218_.jpg;8,299;https://www.amazon.in/Redmi-8A-Dual-Blue-Storage/dp/B07WPVLKPW/ref=sr_1_5?dchild=1&keywords=mobile&qid=1599223260&sr=8-5
 Samsung Galaxy M21 (Midnight Blue, 4GB RAM, 64GB Storage);4.2 out of 5 stars;https://m.media-amazon.com/images/I/71dujTTJDZL._AC_UY218_.jpg;13,999;https://www.amazon.in/Test-Exclusive-614/dp/B07HGJJ559/ref=sr_1_6?dchild=1&keywords=mobile&qid=1599223260&sr=8-6
 Samsung Galaxy M01 (Black, 3GB RAM, 32GB Storage) with No Cost EMI/Additional Exchange Offers;3.9 out of 5 stars;https://m.media-amazon.com/images/I/81onqHVeECL._AC_UY218_.jpg;8,399;https://www.amazon.in/Samsung-Galaxy-Storage-Additional-Exchange/dp/B086KCCMCP/ref=sr_1_7?dchild=1&keywords=mobile&qid=1599223260&sr=8-7
 Redmi 8A Dual (Sky White, 2GB RAM, 32GB Storage) – Dual Cameras & 5,000 mAH Battery;4.0 out of 5 stars;https://m.media-amazon.com/images/I/710p2f-zAdL._AC_UY218_.jpg;None;https://www.amazon.in/Redmi-8A-Dual-White-Storage/dp/B07X1KSWZ3/ref=sr_1_8?dchild=1&keywords=mobile&qid=1599223260&sr=8-8
 Redmi 8A Dual (Midnight Grey, 2GB RAM, 32GB Storage) – Dual Cameras & 5,000 mAH Battery;4.0 out of 5 stars;https://m.media-amazon.com/images/I/71h+C9wJCjL._AC_UY218_.jpg;7,499;https://www.amazon.in/Redmi-8A-Dual-Midnight-Storage/dp/B07X1KSLC3/ref=sr_1_9?dchild=1&keywords=mobile&qid=1599223260&sr=8-9
 Samsung Galaxy M31 (Ocean Blue, 6GB RAM, 128GB Storage);4.3 out of 5 stars;https://m.media-amazon.com/images/I/71-Su4Wr0HL._AC_UY218_.jpg;17,499;https://www.amazon.in/Samsung-Galaxy-Ocean-128GB-Storage/dp/B07HGGYWL6/ref=sr_1_10?dchild=1&keywords=mobile&qid=1599223260&sr=8-10
 Samsung Galaxy M01 Core (Black, 2GB RAM, 32GB Storage) with No Cost EMI/Additional Exchange Offers;3.0 out of 5 stars;https://m.media-amazon.com/images/I/71AYb2AGHXL._AC_UY218_.jpg;6,499;https://www.amazon.in/Samsung-Galaxy-Storage-Additional-Exchange/dp/B089MQ622N/ref=sr_1_11?dchild=1&keywords=mobile&qid=1599223260&sr=8-11
 Redmi 8A Dual (Sky White, 3GB RAM, 32GB Storage) – Dual Cameras & 5,000 mAH Battery;4.0 out of 5 stars;https://m.media-amazon.com/images/I/710p2f-zAdL._AC_UY218_.jpg;8,299;https://www.amazon.in/Redmi-8A-Dual-White-Storage/dp/B07X3P1N3H/ref=sr_1_12?dchild=1&keywords=mobile&qid=1599223260&sr=8-12
 Samsung Galaxy M01 (Blue, 3GB RAM, 32GB Storage) with No Cost EMI/Additional Exchange Offers;3.9 out of 5 stars;https://m.media-amazon.com/images/I/81o1rDu5FZL._AC_UY218_.jpg;8,399;https://www.amazon.in/Samsung-Galaxy-Storage-Additional-Exchange/dp/B086KCDGTQ/ref=sr_1_13?dchild=1&keywords=mobile&qid=1599223260&sr=8-13
 OPPO A5 2020 (Dazzling White, 3GB RAM, 64GB Storage) with No Cost EMI/Additional Exchange Offers;4.1 out of 5 stars;https://m.media-amazon.com/images/I/71wPwmxo2NL._AC_UY218_.jpg;10,990;https://www.amazon.in/Dazzling-Storage-Additional-Exchange-Offers/dp/B07SDPTP6Q/ref=sr_1_14?dchild=1&keywords=mobile&qid=1599223260&sr=8-14
 Samsung Galaxy M21 (Midnight Blue, 6GB RAM, 128GB Storage);4.2 out of 5 stars;https://m.media-amazon.com/images/I/71dujTTJDZL._AC_UY218_.jpg;15,999;https://www.amazon.in/Test-Exclusive-668/dp/B07HGH88GL/ref=sr_1_15?dchild=1&keywords=mobile&qid=1599223260&sr=8-15
 Tecno Spark 6 Air (Ocean Blue, 2GB RAM, 32GB Storage);3.8 out of 5 stars;https://m.media-amazon.com/images/I/71skpdljmvL._AC_UY218_.jpg;7,999;https://www.amazon.in/Tecno-Spark-%E0%A4%93%E0%A4%B6%E0%A4%BF%E0%A4%AF%E0%A4%A8-%E0%A4%AC%E0%A5%8D%E0%A4%B2%E0%A5%82-%E0%A4%B8%E0%A5%8D%E0%A4%9F%E0%A5%8B%E0%A4%B0%E0%A5%87%E0%A4%9C/dp/B08DJSHY94/ref=sr_1_16?dchild=1&keywords=mobile&qid=1599223260&sr=8-16
 Samsung Galaxy M01 Core (Black, 1GB RAM, 16GB Storage) with No Cost EMI/Additional Exchange Offers;3.0 out of 5 stars;https://m.media-amazon.com/images/I/71AYb2AGHXL._AC_UY218_.jpg;5,498;https://www.amazon.in/Samsung-Galaxy-Storage-Additional-Exchange/dp/B089MTL51J/ref=sr_1_17?dchild=1&keywords=mobile&qid=1599223260&sr=8-17
 I KALL K3 Smartphone (2GB, 16GB) (Red);None;https://m.media-amazon.com/images/I/51nekkqw9qL._AC_UY218_.jpg;5,499;https://www.amazon.in/KALL-K3-Smartphone-2GB-16GB/dp/B08GYWWB4N/ref=sr_1_18?dchild=1&keywords=mobile&qid=1599223260&sr=8-18
 Apple iPhone 11 (128GB) - White;4.5 out of 5 stars;https://m.media-amazon.com/images/I/51o5RmQtroL._AC_UY218_.jpg;70,500;https://www.amazon.in/gp/slredirect/picassoRedirect.html/ref=pa_sp_atf_next_aps_sr_pg2_1?ie=UTF8&adId=A09426311PEC1EF9UNFRR&url=%2FApple-iPhone-11-128GB-White%2Fdp%2FB07XVLMXYH%2Fref%3Dsr_1_17_sspa%3Fdchild%3D1%26keywords%3Dmobile%26qid%3D1599223265%26sr%3D8-17-spons%26psc%3D1&qualifier=1599223265&id=5431569158429711&widgetName=sp_atf_next
 Redmi 8A Dual (Sea Blue, 3GB RAM, 64GB Storage) – Dual Cameras & 5,000 mAH Battery;4.0 out of 5 stars;https://m.media-amazon.com/images/I/71yXShgxvpL._AC_UY218_.jpg;8,999;https://www.amazon.in/Redmi-8A-Dual-Blue-Storage/dp/B08698559Z/ref=sr_1_18?dchild=1&keywords=mobile&qid=1599223265&sr=8-18
 itel A46 (Dark Water, 2GB RAM, 16GB Storage);3.9 out of 5 stars;https://m.media-amazon.com/images/I/71JazmkrDxL._AC_UY218_.jpg;5,499;https://www.amazon.in/itel-A46-Water-2GB-Storage/dp/B07SR1FSBM/ref=sr_1_19?dchild=1&keywords=mobile&qid=1599223265&sr=8-19
 Honor 9A (Phantom Blue, 3GB RAM, 64GB Storage)- Download Apps Through Petal Search;3.1 out of 5 stars;https://m.media-amazon.com/images/I/71+WZJPvZTL._AC_UY218_.jpg;9,999;https://www.amazon.in/Honor-Phantom-Storage-Download-Through/dp/B08BSK3GP9/ref=sr_1_20?dchild=1&keywords=mobile&qid=1599223265&sr=8-20
 Samsung Galaxy M31 (Space Black, 6GB RAM, 128GB Storage);4.3 out of 5 stars;https://m.media-amazon.com/images/I/71OxJeyywSL._AC_UY218_.jpg;17,499;https://www.amazon.in/Samsung-Galaxy-Space-Black-Storage/dp/B07HGN617M/ref=sr_1_21?dchild=1&keywords=mobile&qid=1599223265&sr=8-21
 OPPO A5 2020 (Mirror Black, 3GB RAM, 64GB Storage) with No Cost EMI/Additional Exchange Offers;4.1 out of 5 stars;https://m.media-amazon.com/images/I/514zYTXaCqL._AC_UY218_.jpg;10,990;https://www.amazon.in/Mirror-Storage-Additional-Exchange-Offers/dp/B07SBK1WQQ/ref=sr_1_22?dchild=1&keywords=mobile&qid=1599223265&sr=8-22
 Tecno Spark 6 Air (Ocean Blue, 3GB RAM, 32GB Storage);3.8 out of 5 stars;https://m.media-amazon.com/images/I/71skpdljmvL._AC_UY218_.jpg;8,973;https://www.amazon.in/Tecno-Spark-Ocean-Blue-Storage/dp/B08GCSL3VV/ref=sr_1_23?dchild=1&keywords=mobile&qid=1599223265&sr=8-23
 OPPO A5S (Black, 3GB RAM, 32GB Storage) With No Cost EMI/Additional Exchange Offers;4.1 out of 5 stars;https://m.media-amazon.com/images/I/71ZU4VsevqL._AC_UY218_.jpg;9,990;https://www.amazon.in/Black-Storage-Additional-Exchange-Offers/dp/B07PP2K69Z/ref=sr_1_24?dchild=1&keywords=mobile&qid=1599223265&sr=8-24
 Samsung Galaxy M01 Core (Blue, 1GB RAM, 16GB Storage) with No Cost EMI/Additional Exchange Offers;3.0 out of 5 stars;https://m.media-amazon.com/images/I/71ahT-X2FgL._AC_UY218_.jpg;5,498;https://www.amazon.in/Samsung-Galaxy-Storage-Additional-Exchange/dp/B089MS3GLM/ref=sr_1_25?dchild=1&keywords=mobile&qid=1599223265&sr=8-25
 Samsung Galaxy M31 (Ocean Blue, 6GB RAM, 64GB Storage);4.3 out of 5 stars;https://m.media-amazon.com/images/I/71-Su4Wr0HL._AC_UY218_.jpg;16,499;https://www.amazon.in/Samsung-Galaxy-Ocean-Blue-Storage/dp/B07HGJKDQL/ref=sr_1_26?dchild=1&keywords=mobile&qid=1599223265&sr=8-26
 I KALL K4 Plus (6 Inch, 4GB, 64GB) (Blue);5.0 out of 5 stars;https://m.media-amazon.com/images/I/513zQOFnZPL._AC_UY218_.jpg;6,299;https://www.amazon.in/KALL-K4-Plus-Inch-64GB/dp/B08GP29XCC/ref=sr_1_27?dchild=1&keywords=mobile&qid=1599223265&sr=8-27
 Redmi Note 8 (Moonlight White, 4GB RAM, 64GB Storage);4.3 out of 5 stars;https://m.media-amazon.com/images/I/61K6JcPwbQL._AC_UY218_.jpg;12,799;https://www.amazon.in/Redmi-Note-Moonlight-White-Storage/dp/B07X1KT1FJ/ref=sr_1_28?dchild=1&keywords=mobile&qid=1599223265&sr=8-28
 Samsung Galaxy M31s (Mirage Blue, 8GB RAM, 128GB Storage);4.3 out of 5 stars;https://m.media-amazon.com/images/I/61d-phh4GfL._AC_UY218_.jpg;21,499;https://www.amazon.in/Test-Exclusive-719/dp/B07DJCJBBN/ref=sr_1_29?dchild=1&keywords=mobile&qid=1599223265&sr=8-29
 Vivo Y91i (Ocean Blue, 2GB RAM, 32GB Storage) with No Cost EMI/Additional Exchange Offers;4.1 out of 5 stars;https://m.media-amazon.com/images/I/51FnmxwFHDL._AC_UY218_.jpg;7,990;https://www.amazon.in/Vivo-Storage-Additional-Exchange-Offers/dp/B07KXCKPZZ/ref=sr_1_30?dchild=1&keywords=mobile&qid=1599223265&sr=8-30
 Samsung Galaxy M01 Core (Blue, 2GB RAM, 32GB Storage) with No Cost EMI/Additional Exchange Offers;3.0 out of 5 stars;https://m.media-amazon.com/images/I/71ahT-X2FgL._AC_UY218_.jpg;6,499;https://www.amazon.in/Samsung-Galaxy-Storage-Additional-Exchange/dp/B089MV96RW/ref=sr_1_31?dchild=1&keywords=mobile&qid=1599223265&sr=8-31
 Vivo Y91i (Fusion Black, 2GB RAM, 32GB Storage) with No Cost EMI/Additional Exchange Offers;4.2 out of 5 stars;https://m.media-amazon.com/images/I/51ZoulFBPGL._AC_UY218_.jpg;7,990;https://www.amazon.in/Vivo-Fusion-Storage-Additional-Exchange/dp/B07KX1S161/ref=sr_1_32?dchild=1&keywords=mobile&qid=1599223265&sr=8-32
 OPPO A53 (Fancy Blue, 4GB RAM, 64GB Storage) with No Cost EMI/Additional Exchange Offers;2.2 out of 5 stars;https://m.media-amazon.com/images/I/71QJyXZYPuL._AC_UY218_.jpg;12,990;https://www.amazon.in/Fancy-Storage-Additional-Exchange-Offers/dp/B089MTKP2P/ref=sr_1_33?dchild=1&keywords=mobile&qid=1599223265&sr=8-33
 Apple iPhone 11 (64GB) - White;4.5 out of 5 stars;https://m.media-amazon.com/images/I/51o5RmQtroL._AC_UY218_.jpg;63,999;https://www.amazon.in/gp/slredirect/picassoRedirect.html/ref=pa_sp_atf_next_aps_sr_pg3_1?ie=UTF8&adId=A09429757LQ41WDF7UFL&url=%2FApple-iPhone-11-64GB-White%2Fdp%2FB07XVMCLP7%2Fref%3Dsr_1_33_sspa%3Fdchild%3D1%26keywords%3Dmobile%26qid%3D1599223270%26sr%3D8-33-spons%26psc%3D1&qualifier=1599223270&id=1992309824000486&widgetName=sp_atf_next
 Micromax Bolt S300 Dual Sim - Grey;None;https://m.media-amazon.com/images/I/61RMSoXNTyL._AC_UY218_.jpg;None;https://www.amazon.in/Micromax-Bolt-S300-Dual-Sim/dp/B00XGOC2GW/ref=sr_1_34?dchild=1&keywords=mobile&qid=1599223270&sr=8-34
 Coolpad Cool 5 (Midnight Blue, 4GB RAM, 64GB Storage);3.2 out of 5 stars;https://m.media-amazon.com/images/I/61TYVblS44L._AC_UY218_.jpg;7,999;https://www.amazon.in/Coolpad-Cool-Midnight-Blue-Storage/dp/B07X92QPJ4/ref=sr_1_35?dchild=1&keywords=mobile&qid=1599223270&sr=8-35
 TECNO Spark 5 (Ice Jadeite, 2GB RAM, 32GB Storage);4.2 out of 5 stars;https://m.media-amazon.com/images/I/71frzZleFlL._AC_UY218_.jpg;7,999;https://www.amazon.in/TECNO-Spark-Jadeite-32GB-Storage/dp/B087K7ZFB6/ref=sr_1_36?dchild=1&keywords=mobile&qid=1599223270&sr=8-36
 Tecno Spark 6 Air (Comet Black, 2GB RAM, 32GB Storage);3.8 out of 5 stars;https://m.media-amazon.com/images/I/711vBTmpW+L._AC_UY218_.jpg;7,999;https://www.amazon.in/Tecno-Spark-Comet-Black-Storage/dp/B08DJQQS9Q/ref=sr_1_37?dchild=1&keywords=mobile&qid=1599223270&sr=8-37
 I KALL K8 (2GB, 16GB) (Red);3.0 out of 5 stars;https://m.media-amazon.com/images/I/51jzGOAtlgL._AC_UY218_.jpg;4,499;https://www.amazon.in/KALL-K8-2GB-16GB-Red/dp/B08FXNLCQG/ref=sr_1_38?dchild=1&keywords=mobile&qid=1599223270&sr=8-38
 Samsung Galaxy M21 (Raven Black, 6GB RAM, 128GB Storage);4.2 out of 5 stars;https://m.media-amazon.com/images/I/71QLvGIAq5L._AC_UY218_.jpg;15,999;https://www.amazon.in/Test-Exclusive-669/dp/B07HGH8ML7/ref=sr_1_39?dchild=1&keywords=mobile&qid=1599223270&sr=8-39
 OPPO A5S (Blue, 3GB RAM, 32GB Storage) with No Cost EMI/Additional Exchange Offers;4.1 out of 5 stars;https://m.media-amazon.com/images/I/91FvWRrG9ML._AC_UY218_.jpg;9,990;https://www.amazon.in/OPPO-Storage-Additional-Exchange-Offers/dp/B07PTLDNCH/ref=sr_1_40?dchild=1&keywords=mobile&qid=1599223270&sr=8-40
 Vivo Y20 (Dawn White, 4GB RAM, 64GB Storage) with No Cost EMI/Additional Exchange Offers;3.3 out of 5 stars;https://m.media-amazon.com/images/I/71ePOm4a9NL._AC_UY218_.jpg;12,990;https://www.amazon.in/Vivo-Storage-Additional-Exchange-Offers/dp/B089MS4LFW/ref=sr_1_41?dchild=1&keywords=mobile&qid=1599223270&sr=8-41
 OPPO A12 (Blue, 3GB RAM, 32GB Storage) with No Cost EMI/Additional Exchange Offers;4.0 out of 5 stars;https://m.media-amazon.com/images/I/71-nSoWl8iL._AC_UY218_.jpg;9,990;https://www.amazon.in/OPPO-Storage-Additional-Exchange-Offers/dp/B08444Z7R9/ref=sr_1_42?dchild=1&keywords=mobile&qid=1599223270&sr=8-42
 Nokia 5.3 Android One Smartphone with Quad Camera, 6 GB RAM and 64 GB Storage - Charcoal;4.1 out of 5 stars;https://m.media-amazon.com/images/I/61L1ItFgFHL._AC_UY218_.jpg;15,499;https://www.amazon.in/Nokia-5-3-Android-Smartphone-64/dp/B08GT28WQQ/ref=sr_1_43?dchild=1&keywords=mobile&qid=1599223270&sr=8-43
 I KALL K700 (32GB) (Red);None;https://m.media-amazon.com/images/I/617FtDdgjeL._AC_UY218_.jpg;6,199;https://www.amazon.in/I-KALL-K700-32GB-Red/dp/B08GZCJZBZ/ref=sr_1_44?dchild=1&keywords=mobile&qid=1599223270&sr=8-44
 Samsung Galaxy M31s (Mirage Blue, 6GB RAM, 128GB Storage);4.3 out of 5 stars;https://m.media-amazon.com/images/I/61d-phh4GfL._AC_UY218_.jpg;19,499;https://www.amazon.in/Test-Exclusive-712/dp/B07DJCJBB3/ref=sr_1_45?dchild=1&keywords=mobile&qid=1599223270&sr=8-45
 Vivo Y91i (Ocean Blue, 3GB RAM, 32GB Storage) with No Cost EMI/Additional Exchange Offers;4.0 out of 5 stars;https://m.media-amazon.com/images/I/51-T19jXchL._AC_UY218_.jpg;8,990;https://www.amazon.in/Vivo-Storage-Additional-Exchange-Offers/dp/B086KF2QYN/ref=sr_1_46?dchild=1&keywords=mobile&qid=1599223270&sr=8-46
 Samsung Galaxy M01 (Red, 3GB RAM, 32GB Storage) with No Cost EMI/Additional Exchange Offers;3.9 out of 5 stars;https://m.media-amazon.com/images/I/81u-lC-haUL._AC_UY218_.jpg;8,399;https://www.amazon.in/Samsung-Galaxy-Storage-Additional-Exchange/dp/B086KDZ13S/ref=sr_1_47?dchild=1&keywords=mobile&qid=1599223270&sr=8-47
 OPPO A12 (Blue, 4GB RAM, 64GB Storage) with No Cost EMI/Additional Exchange Offers;4.0 out of 5 stars;https://m.media-amazon.com/images/I/71-nSoWl8iL._AC_UY218_.jpg;11,490;https://www.amazon.in/OPPO-Storage-Additional-Exchange-Offers/dp/B08444X3CN/ref=sr_1_48?dchild=1&keywords=mobile&qid=1599223270&sr=8-48
 Samsung Galaxy M31 (Space Black, 6GB RAM, 64GB Storage);4.3 out of 5 stars;https://m.media-amazon.com/images/I/71OxJeyywSL._AC_UY218_.jpg;16,499;https://www.amazon.in/Samsung-Galaxy-Space-Black-Storage/dp/B07HGJ7WLM/ref=sr_1_49?dchild=1&keywords=mobile&qid=1599223270&sr=8-49
 Apple iPhone 11 (64GB) - Black;4.5 out of 5 stars;https://m.media-amazon.com/images/I/51kGDXeFZKL._AC_UY218_.jpg;63,999;https://www.amazon.in/gp/slredirect/picassoRedirect.html/ref=pa_sp_atf_next_aps_sr_pg4_1?ie=UTF8&adId=A09428753TWVX6M2BR6YH&url=%2FApple-iPhone-11-64GB-Black%2Fdp%2FB07XVMDRZY%2Fref%3Dsr_1_49_sspa%3Fdchild%3D1%26keywords%3Dmobile%26qid%3D1599223275%26sr%3D8-49-spons%26psc%3D1&qualifier=1599223275&id=423087910990140&widgetName=sp_atf_next
 Samsung Galaxy M01 Core (Red, 1GB RAM, 16GB Storage) with No Cost EMI/Additional Exchange Offers;3.0 out of 5 stars;https://m.media-amazon.com/images/I/71UZfRHB7UL._AC_UY218_.jpg;5,499;https://www.amazon.in/Samsung-Galaxy-Storage-Additional-Exchange/dp/B089MSCW8V/ref=sr_1_50?dchild=1&keywords=mobile&qid=1599223275&sr=8-50
 Samsung Galaxy M31 (Ocean Blue, 8GB RAM, 128GB Storage);4.3 out of 5 stars;https://m.media-amazon.com/images/I/71-Su4Wr0HL._AC_UY218_.jpg;19,499;https://www.amazon.in/Samsung-Galaxy-Ocean-128GB-Storage/dp/B07HG8S7KP/ref=sr_1_51?dchild=1&keywords=mobile&qid=1599223275&sr=8-51
 Samsung Galaxy M31s (Mirage Black, 8GB RAM, 128GB Storage);4.3 out of 5 stars;https://m.media-amazon.com/images/I/71BFG8Zu7zL._AC_UY218_.jpg;21,499;https://www.amazon.in/Test-Exclusive-720/dp/B07DJLVHYC/ref=sr_1_52?dchild=1&keywords=mobile&qid=1599223275&sr=8-52
 Honor 9A (Midnight Black, 3GB RAM, 64GB Storage)- Download Apps Through Petal Search;3.1 out of 5 stars;https://m.media-amazon.com/images/I/71HUEnUfnOL._AC_UY218_.jpg;9,999;https://www.amazon.in/Honor-Midnight-Storage-Download-Through/dp/B08BSK1Q6P/ref=sr_1_53?dchild=1&keywords=mobile&qid=1599223275&sr=8-53
 Samsung Galaxy M01 Core (Red, 2GB RAM, 32GB Storage) with No Cost EMI/Additional Exchange Offers;3.0 out of 5 stars;https://m.media-amazon.com/images/I/71UZfRHB7UL._AC_UY218_.jpg;6,499;https://www.amazon.in/Samsung-Galaxy-Storage-Additional-Exchange/dp/B089MQ6XLH/ref=sr_1_54?dchild=1&keywords=mobile&qid=1599223275&sr=8-54
 Vivo Y91i (Fusion Black, 3GB RAM, 32GB Storage) with No Cost EMI/Additional Exchange Offers;4.0 out of 5 stars;https://m.media-amazon.com/images/I/51+yaqN2O0L._AC_UY218_.jpg;8,990;https://www.amazon.in/Vivo-Fusion-Storage-Additional-Exchange/dp/B086KCCSF7/ref=sr_1_55?dchild=1&keywords=mobile&qid=1599223275&sr=8-55
 I KALL K220 (16GB, Blue);5.0 out of 5 stars;https://m.media-amazon.com/images/I/51iR6p289WL._AC_UY218_.jpg;4,799;https://www.amazon.in/I-KALL-K220-16GB-Blue/dp/B08FXKS5ZY/ref=sr_1_56?dchild=1&keywords=mobile&qid=1599223275&sr=8-56
 I KALL K4 Plus (6 Inch, 4GB, 64GB) (Green);5.0 out of 5 stars;https://m.media-amazon.com/images/I/51ukS3eIroL._AC_UY218_.jpg;6,299;https://www.amazon.in/KALL-K4-Plus-Inch-Green/dp/B08GP5S2TK/ref=sr_1_57?dchild=1&keywords=mobile&qid=1599223275&sr=8-57
 Vivo U10 (Electric Blue, 5000 mAH 18W Fast Charge Battery, 3GB RAM, 32GB Storage);4.3 out of 5 stars;https://m.media-amazon.com/images/I/51ltipMHjiL._AC_UY218_.jpg;10,990;https://www.amazon.in/Test-Exclusive-740/dp/B07DJD1RTM/ref=sr_1_58?dchild=1&keywords=mobile&qid=1599223275&sr=8-58
 Nokia 5.3 Android One Smartphone with Quad Camera, 4 GB RAM and 64 GB Storage - Charcoal;4.1 out of 5 stars;https://m.media-amazon.com/images/I/61L1ItFgFHL._AC_UY218_.jpg;13,999;https://www.amazon.in/5-3-Android-%E0%A4%B8%E0%A5%8D%E0%A4%AE%E0%A4%BE%E0%A4%B0%E0%A5%8D%E0%A4%9F%E0%A4%AB%E0%A4%BC%E0%A5%8B%E0%A4%A8-64-%E0%A4%B8%E0%A5%8D%E0%A4%9F%E0%A5%8B%E0%A4%B0%E0%A5%87%E0%A4%9C/dp/B08GT299NQ/ref=sr_1_59?dchild=1&keywords=mobile&qid=1599223275&sr=8-59
 Realme 6i (Lunar White, 64 GB) (6 GB RAM);4.5 out of 5 stars;https://m.media-amazon.com/images/I/31QycqO7NZL._AC_UY218_.jpg;None;https://www.amazon.in/Realme-6i-Lunar-White-RAM/dp/B08G8V8VCJ/ref=sr_1_60?dchild=1&keywords=mobile&qid=1599223275&sr=8-60
 Tecno Spark 5 (Spark Orange, 2GB RAM, 32GB Storage);4.2 out of 5 stars;https://m.media-amazon.com/images/I/71fYI3K2oiL._AC_UY218_.jpg;8,117;https://www.amazon.in/Tecno-Spark-Orange-32GB-Storage/dp/B087K6SWBK/ref=sr_1_61?dchild=1&keywords=mobile&qid=1599223275&sr=8-61
 Samsung Galaxy M31s (Mirage Black, 6GB RAM, 128GB Storage);4.3 out of 5 stars;https://m.media-amazon.com/images/I/71BFG8Zu7zL._AC_UY218_.jpg;19,499;https://www.amazon.in/Test-Exclusive-718/dp/B07DJD1XZ4/ref=sr_1_62?dchild=1&keywords=mobile&qid=1599223275&sr=8-62
 Redmi Note 9 (Pebble Grey, 4GB RAM 64GB Storage) - 48MP Quad Camera & Full HD+ Display;4.4 out of 5 stars;https://m.media-amazon.com/images/I/81mtDLql+XL._AC_UY218_.jpg;11,999;https://www.amazon.in/Redmi-Note-%E0%A4%AA%E0%A5%87%E0%A4%AC%E0%A4%B2-%E0%A4%B8%E0%A5%8D%E0%A4%B2%E0%A5%87%E0%A4%9F%E0%A5%80-%E0%A4%B8%E0%A5%8D%E0%A4%9F%E0%A5%8B%E0%A4%B0%E0%A5%87%E0%A4%9C/dp/B086977TR6/ref=sr_1_63?dchild=1&keywords=mobile&qid=1599223275&sr=8-63
 Karbonn Aura 9 Android Mobile Phone (White);2.8 out of 5 stars;https://m.media-amazon.com/images/I/41Oct-1V9RL._AC_UY218_.jpg;None;https://www.amazon.in/Karbonn-Android-Mobile-Phone-White/dp/B014RBBONO/ref=sr_1_64?dchild=1&keywords=mobile&qid=1599223275&sr=8-64
 OPPO A53 (Fancy Blue, 6GB RAM, 128GB Storage) with No Cost EMI/Additional Exchange Offers;2.2 out of 5 stars;https://m.media-amazon.com/images/I/71QJyXZYPuL._AC_UY218_.jpg;15,490;https://www.amazon.in/Fancy-Storage-Additional-Exchange-Offers/dp/B089MRYXN7/ref=sr_1_65?dchild=1&keywords=mobile&qid=1599223275&sr=8-65
 Vivo Y11 (Agate Red, 3GB RAM, 32GB Storage) with No Cost EMI/Additional Exchange Offers;4.2 out of 5 stars;https://m.media-amazon.com/images/I/81WVehzY2+L._AC_UY218_.jpg;9,990;https://www.amazon.in/Vivo-Storage-Additional-Exchange-Offers/dp/B07X9YNV63/ref=sr_1_65?dchild=1&keywords=mobile&qid=1599223280&sr=8-65
 OPPO F17 Pro (Metallic White, 8GB RAM, 128GB Storage) with No Cost EMI/Additional Exchange Offers;None;https://m.media-amazon.com/images/I/71deNmhURuL._AC_UY218_.jpg;22,990;https://www.amazon.in/Metallic-Storage-Additional-Exchange-Offers/dp/B089MTC7B5/ref=sr_1_66?dchild=1&keywords=mobile&qid=1599223280&sr=8-66
 IKALL K2+ Phone (64GB, 4G Volte, Ocean Blue);2.6 out of 5 stars;https://m.media-amazon.com/images/I/51vaGnMhrKL._AC_UY218_.jpg;6,199;https://www.amazon.in/IKALL-K2-Phone-Volte-Ocean/dp/B08CMYT8FW/ref=sr_1_67?dchild=1&keywords=mobile&qid=1599223280&sr=8-67
 Vivo Y50 (Pearl White, 8GB RAM, 128GB Storage) with No Cost EMI/Additional Exchange Offers;3.9 out of 5 stars;https://m.media-amazon.com/images/I/514ETCdN3CL._AC_UY218_.jpg;17,990;https://www.amazon.in/Vivo-Storage-Additional-Exchange-Offers/dp/B086KDZGTZ/ref=sr_1_68?dchild=1&keywords=mobile&qid=1599223280&sr=8-68
 OPPO A12 (Black, 3GB RAM, 32GB Storage) with No Cost EMI/Additional Exchange Offers;4.0 out of 5 stars;https://m.media-amazon.com/images/I/71bp9IpcK-L._AC_UY218_.jpg;9,990;https://www.amazon.in/Oppo-Storage-Additional-Exchange-Offers/dp/B084455L6M/ref=sr_1_69?dchild=1&keywords=mobile&qid=1599223280&sr=8-69
 Vivo Y11 (Mineral Blue, 3GB RAM, 32GB Storage) with No Cost EMI/Additional Exchange Offers;4.2 out of 5 stars;https://m.media-amazon.com/images/I/71BBqZGY3dL._AC_UY218_.jpg;9,990;https://www.amazon.in/Vivo-Mineral-Storage-Additional-Exchange/dp/B07XD2FWBC/ref=sr_1_70?dchild=1&keywords=mobile&qid=1599223280&sr=8-70
 Samsung Galaxy M31 (Space Black, 8GB RAM, 128GB Storage);4.3 out of 5 stars;https://m.media-amazon.com/images/I/71OxJeyywSL._AC_UY218_.jpg;19,499;https://www.amazon.in/Samsung-Galaxy-Space-Black-Storage/dp/B07HGLM366/ref=sr_1_71?dchild=1&keywords=mobile&qid=1599223280&sr=8-71
 Lava Z61 Pro (Champagne Gold, 2GB RAM, 16GB Storage);3.5 out of 5 stars;https://m.media-amazon.com/images/I/61TKRhz36VL._AC_UY218_.jpg;5,849;https://www.amazon.in/Lava-Z61-Pro-Champagne-Storage/dp/B08D41TXGF/ref=sr_1_72?dchild=1&keywords=mobile&qid=1599223280&sr=8-72
 Oppo A12 (Black, 4GB RAM, 64GB Storage) with No Cost EMI/Additional Exchange Offers;4.0 out of 5 stars;https://m.media-amazon.com/images/I/71bp9IpcK-L._AC_UY218_.jpg;11,490;https://www.amazon.in/Black-Storage-Additional-Exchange-Offers/dp/B0844592GR/ref=sr_1_73?dchild=1&keywords=mobile&qid=1599223280&sr=8-73
 Samsung Galaxy M01s (Blue, 3GB RAM, 32GB Storage) with No Cost EMI/Additional Exchange Offers;3.9 out of 5 stars;https://m.media-amazon.com/images/I/712MlLutKGL._AC_UY218_.jpg;9,999;https://www.amazon.in/Samsung-Galaxy-Storage-Additional-Exchange/dp/B089MS4LGT/ref=sr_1_74?dchild=1&keywords=mobile&qid=1599223280&sr=8-74
 Vivo Y30 (Emerald Black, 4GB RAM, 128GB Storage) with No Cost EMI/Additional Exchange Offers;3.8 out of 5 stars;https://m.media-amazon.com/images/I/61424WwLFjL._AC_UY218_.jpg;14,990;https://www.amazon.in/Vivo-Emerald-Storage-Additional-Exchange/dp/B086KG11W3/ref=sr_1_75?dchild=1&keywords=mobile&qid=1599223280&sr=8-75
 Redmi 9 Prime (Space Blue, 4GB RAM, 128GB Storage)-Full HD+ Display & AI Quad Camera;3.8 out of 5 stars;https://m.media-amazon.com/images/I/719lhUzicYL._AC_UY218_.jpg;11,999;https://www.amazon.in/Redmi-Prime-Storage-Display-Camera/dp/B086978F28/ref=sr_1_76?dchild=1&keywords=mobile&qid=1599223280&sr=8-76
 Redmi Note 8 Pro (Halo White, 6GB RAM, 128GB Storage with Helio G90T Processor);4.3 out of 5 stars;https://m.media-amazon.com/images/I/61ACGAKmw3L._AC_UY218_.jpg;16,999;https://www.amazon.in/Redmi-Note-Pro-Storage-Processor/dp/B07X4PKGSN/ref=sr_1_77?dchild=1&keywords=mobile&qid=1599223280&sr=8-77
 OPPO A31 (Mystery Black, 4GB RAM, 64GB Storage) with No Cost EMI/Additional Exchange Offers;3.9 out of 5 stars;https://m.media-amazon.com/images/I/71KCwNV6MuL._AC_UY218_.jpg;12,490;https://www.amazon.in/Mystery-Storage-Additional-Exchange-Offers/dp/B084454YKR/ref=sr_1_78?dchild=1&keywords=mobile&qid=1599223280&sr=8-78
 OPPO A1K (Black, 2GB RAM, 32GB Storage) with No Cost EMI/Additional Exchange Offers;4.1 out of 5 stars;https://m.media-amazon.com/images/I/71XTesfK-bL._AC_UY218_.jpg;7,990;https://www.amazon.in/Black-Storage-Additional-Exchange-Offers/dp/B07PQ7CXKG/ref=sr_1_79?dchild=1&keywords=mobile&qid=1599223280&sr=8-79
 Samsung Galaxy M01s (Grey, 3GB RAM, 32GB Storage) with No Cost EMI/Additional Exchange Offers;3.9 out of 5 stars;https://m.media-amazon.com/images/I/718assbhZlL._AC_UY218_.jpg;9,999;https://www.amazon.in/Samsung-Galaxy-Storage-Additional-Exchange/dp/B089MS6V12/ref=sr_1_80?dchild=1&keywords=mobile&qid=1599223280&sr=8-80
 Vivo U10 (Thunder Black,5000 mAH 18W Fast Charge Battery, 3GB RAM, 32GB Storage);4.3 out of 5 stars;https://m.media-amazon.com/images/I/51EnyMldjGL._AC_UY218_.jpg;10,990;https://www.amazon.in/Test-Exclusive-738/dp/B07DJL15MJ/ref=sr_1_81?dchild=1&keywords=mobile&qid=1599223285&sr=8-81
 I KALL K3 Smartphone (2GB, 16GB) (Blue);None;https://m.media-amazon.com/images/I/51CKjuljjJL._AC_UY218_.jpg;5,499;https://www.amazon.in/KALL-K3-Smartphone-16GB-Blue/dp/B08GYW1D9N/ref=sr_1_82?dchild=1&keywords=mobile&qid=1599223285&sr=8-82
 Redmi Note 9 Pro Max (Aurora Blue, 6GB RAM, 128GB Storage) - 64MP Quad Camera & Latest 8nm Snapdragon 720G;4.2 out of 5 stars;https://m.media-amazon.com/images/I/81DvimWN5xL._AC_UY218_.jpg;18,499;https://www.amazon.in/Test-Exclusive-602/dp/B07HGLC2CG/ref=sr_1_83?dchild=1&keywords=mobile&qid=1599223285&sr=8-83
 Redmi 9 (Sky Blue, 4GB RAM, 64GB Storage);None;https://m.media-amazon.com/images/I/71uZrDPrsRL._AC_UY218_.jpg;8,999;https://www.amazon.in/Redmi-Sky-Blue-64GB-Storage/dp/B08697N43N/ref=sr_1_84?dchild=1&keywords=mobile&qid=1599223285&sr=8-84
 OPPO A11K (Deep Blue, 2GB RAM, 32GB Storage) with No Cost EMI/Additional Exchange Offers;3.7 out of 5 stars;https://m.media-amazon.com/images/I/714cFMW8okL._AC_UY218_.jpg;8,990;https://www.amazon.in/OPPO-Storage-Additional-Exchange-Offers/dp/B086KF4FYC/ref=sr_1_85?dchild=1&keywords=mobile&qid=1599223285&sr=8-85
 Samsung Galaxy J2 Core (Blue, 1GB RAM, 16GB Storage) Without Offer;4.1 out of 5 stars;https://m.media-amazon.com/images/I/51t43pgZ+vL._AC_UY218_.jpg;6,490;https://www.amazon.in/Samsung-Galaxy-Storage-Without-Offer/dp/B08444TG87/ref=sr_1_86?dchild=1&keywords=mobile&qid=1599223285&sr=8-86
 Nokia 2.3 (Cyan Green, 2GB RAM, 32GB Storage);3.9 out of 5 stars;https://m.media-amazon.com/images/I/41mTHPrY0uL._AC_UY218_.jpg;8,749;https://www.amazon.in/Nokia-2-3-Cyan-Green-Storage/dp/B083GTPWG6/ref=sr_1_87?dchild=1&keywords=mobile&qid=1599223285&sr=8-87
 Realme 6i (Lunar White, 64 GB) (4 GB RAM);4.6 out of 5 stars;https://m.media-amazon.com/images/I/31QycqO7NZL._AC_UY218_.jpg;None;https://www.amazon.in/Realme-6i-Lunar-White-RAM/dp/B08F3PC52C/ref=sr_1_88?dchild=1&keywords=mobile&qid=1599223285&sr=8-88
 Vivo Y30 (Dazzle Blue, 4GB RAM, 128GB Storage) with No Cost EMI/Additional Exchange Offers;3.8 out of 5 stars;https://m.media-amazon.com/images/I/61J79fezUgL._AC_UY218_.jpg;14,990;https://www.amazon.in/Vivo-Dazzle-Storage-Additional-Exchange/dp/B086KCC67C/ref=sr_1_89?dchild=1&keywords=mobile&qid=1599223285&sr=8-89
 Panasonic Eluga I8 (Black, 3GB RAM, 32GB Storage);3.6 out of 5 stars;https://m.media-amazon.com/images/I/6194ruREJgL._AC_UY218_.jpg;8,421;https://www.amazon.in/Panasonic-Eluga-I8-Black-Storage/dp/B085W2P4WV/ref=sr_1_90?dchild=1&keywords=mobile&qid=1599223285&sr=8-90
 Redmi Note 9 (Arctic White, 4GB RAM, 64GB Storage) - 48MP Quad Camera & Full HD+ Display;4.4 out of 5 stars;https://m.media-amazon.com/images/I/714qRVfu2vL._AC_UY218_.jpg;11,999;https://www.amazon.in/Redmi-Note-Arctic-White-Storage/dp/B086982ZKF/ref=sr_1_91?dchild=1&keywords=mobile&qid=1599223285&sr=8-91
 OPPO A11K (Flowing Silver, 2GB RAM, 32GB Storage) with No Cost EMI/Additional Exchange Offers;3.7 out of 5 stars;https://m.media-amazon.com/images/I/71EOR9S6maL._AC_UY218_.jpg;8,990;https://www.amazon.in/Flowing-Silver-Storage-Additional-Exchange/dp/B086K9CW1W/ref=sr_1_92?dchild=1&keywords=mobile&qid=1599223285&sr=8-92
 I KALL K5 Smartphone (2GB, 16GB) (Blue);None;https://m.media-amazon.com/images/I/51MWwWaLjnL._AC_UY218_.jpg;4,399;https://www.amazon.in/KALL-K5-Smartphone-16GB-Blue/dp/B08GX2DZ4L/ref=sr_1_93?dchild=1&keywords=mobile&qid=1599223285&sr=8-93
 Honor 9X (Sapphire Blue, 6+128GB Storage) -Pop up Front Camera & 48MP Triple Rear Camera;4.1 out of 5 stars;https://m.media-amazon.com/images/I/81n8WL9e4xL._AC_UY218_.jpg;16,999;https://www.amazon.in/Honor-Sapphire-Storage-Camera-Triple/dp/B0856C1WZ1/ref=sr_1_94?dchild=1&keywords=mobile&qid=1599223285&sr=8-94
 iBall 2.4 Neon - Black;5.0 out of 5 stars;https://m.media-amazon.com/images/I/41zofO2j-iL._AC_UY218_.jpg;None;https://www.amazon.in/iBall-2-4-Neon-Black/dp/B01D3OGORC/ref=sr_1_95?dchild=1&keywords=mobile&qid=1599223285&sr=8-95
 I KALL K700 (32GB) (Green);None;https://m.media-amazon.com/images/I/61he5TSyR3L._AC_UY218_.jpg;6,199;https://www.amazon.in/I-KALL-K700-32GB-Green/dp/B08GZC73GR/ref=sr_1_96?dchild=1&keywords=mobile&qid=1599223285&sr=8-96
 Vivo Y12 (Burgundy Red, 3GB RAM, 64GB Storage);4.2 out of 5 stars;https://m.media-amazon.com/images/I/51tarfn3vxL._AC_UY218_.jpg;10,990;https://www.amazon.in/Vivo-Burgundy-Storage-Additional-Exchange/dp/B07PTK3QHB/ref=sr_1_97?dchild=1&keywords=mobile&qid=1599223289&sr=8-97
 Samsung Galaxy A21s (Black, 4GB RAM, 64GB Storage) with No Cost EMI/Additional Exchange Offers;3.3 out of 5 stars;https://m.media-amazon.com/images/I/81zb1bxd6NL._AC_UY218_.jpg;14,998;https://www.amazon.in/Samsung-Galaxy-Storage-Additional-Exchange/dp/B086KCBK16/ref=sr_1_98?dchild=1&keywords=mobile&qid=1599223289&sr=8-98
 Tecno Spark 5 Pro (Seabed Blue, 4GB RAM, 64GB Storage);3.9 out of 5 stars;https://m.media-amazon.com/images/I/81sXQ5gXL3L._AC_UY218_.jpg;10,498;https://www.amazon.in/Tecno-Spark-Seabed-Blue-Storage/dp/B087K78FD5/ref=sr_1_99?dchild=1&keywords=mobile&qid=1599223289&sr=8-99
 Vivo Y50 (Iris Blue, 8GB RAM, 128GB Storage) with No Cost EMI/Additional Exchange Offers;3.9 out of 5 stars;https://m.media-amazon.com/images/I/51-Lt4PMadL._AC_UY218_.jpg;17,990;https://www.amazon.in/Vivo-Storage-Additional-Exchange-Offers/dp/B086KFV4LS/ref=sr_1_100?dchild=1&keywords=mobile&qid=1599223289&sr=8-100
 LG W10 Alpha (Black, 3GB RAM, 32GB Storage);4.2 out of 5 stars;https://m.media-amazon.com/images/I/61sPx22I6aL._AC_UY218_.jpg;7,985;https://www.amazon.in/LG-Alpha-Black-32GB-Storage/dp/B08DND81Q9/ref=sr_1_101?dchild=1&keywords=mobile&qid=1599223289&sr=8-101
 I KALL K4 Smartphone (5.5 Inch, 2GB, 16GB) (Blue);None;https://m.media-amazon.com/images/I/61iILszlz3L._AC_UY218_.jpg;4,499;https://www.amazon.in/KALL-K4-Smartphone-Inch-16GB/dp/B08GX6JX1W/ref=sr_1_102?dchild=1&keywords=mobile&qid=1599223289&sr=8-102
 Surya Lychee Lable 4G Volte 5.5 Inch Display 4G Smartphone (2GB RAM, 16GB Storage) in Gold Colour;None;https://m.media-amazon.com/images/I/711+NDp9itL._AC_UY218_.jpg;4,999;https://www.amazon.in/Surya-Lychee-Display-Smartphone-Storage/dp/B08GSLXWPF/ref=sr_1_103?dchild=1&keywords=mobile&qid=1599223289&sr=8-103
 I KALL K7 (2GB, 16GB);None;https://m.media-amazon.com/images/I/616k4LconHL._AC_UY218_.jpg;4,899;https://www.amazon.in/I-KALL-K7-2GB-16GB/dp/B08GC3S5JL/ref=sr_1_104?dchild=1&keywords=mobile&qid=1599223289&sr=8-104
 Surya Ismart i1 Dynamite 4G Volte (Jio sim Supported) 5.99 Inch Display 4G Smartphone (2GB RAM, 16GB Storage) in Blue Colour;None;https://m.media-amazon.com/images/I/71++HT3N5ZL._AC_UY218_.jpg;5,299;https://www.amazon.in/Surya-Dynamite-Supported-Display-Smartphone/dp/B08GSMHYV8/ref=sr_1_105?dchild=1&keywords=mobile&qid=1599223289&sr=8-105
 I KALL K210 (2GB, 16GB) (Blue);1.0 out of 5 stars;https://m.media-amazon.com/images/I/61XBq5NGvFL._AC_UY218_.jpg;4,499;https://www.amazon.in/KALL-K210-2GB-16GB-Blue/dp/B08FXHZSHD/ref=sr_1_106?dchild=1&keywords=mobile&qid=1599223289&sr=8-106
 Redmi Note 9 Pro (Interstellar Black, 4GB RAM, 64GB Storage) - Latest 8nm Snapdragon 720G & Gorilla Glass 5 Protection;4.3 out of 5 stars;https://m.media-amazon.com/images/I/91Lr-OxVKjL._AC_UY218_.jpg;13,999;https://www.amazon.in/Test-Exclusive-549/dp/B077PWBC78/ref=sr_1_107?dchild=1&keywords=mobile&qid=1599223289&sr=8-107
 Redmi 8A Dual (Sky White, 3GB RAM, 64GB Storage) – Dual Cameras & 5,000 mAH Battery;4.0 out of 5 stars;https://m.media-amazon.com/images/I/710p2f-zAdL._AC_UY218_.jpg;8,999;https://www.amazon.in/Redmi-8A-Dual-White-Storage/dp/B086977J48/ref=sr_1_108?dchild=1&keywords=mobile&qid=1599223289&sr=8-108
 Redmi Note 9 Pro (Glacier White, 4GB RAM, 64GB Storage) - Latest 8nm Snapdragon 720G & Gorilla Glass 5 Protection;4.3 out of 5 stars;https://m.media-amazon.com/images/I/81rpzlanj1L._AC_UY218_.jpg;13,999;https://www.amazon.in/Test-Exclusive-551/dp/B0784D862L/ref=sr_1_109?dchild=1&keywords=mobile&qid=1599223289&sr=8-109
 Realme C11 (Rich Grey, 32 GB) (2 GB RAM);3.6 out of 5 stars;https://m.media-amazon.com/images/I/61fpEtEtwvL._AC_UY218_.jpg;None;https://www.amazon.in/Realme-C11-%E0%A4%97%E0%A5%8D%E0%A4%B0%E0%A5%87-%E0%A4%A7%E0%A5%82%E0%A4%B8%E0%A4%B0-32GB/dp/B08DG2MN26/ref=sr_1_110?dchild=1&keywords=mobile&qid=1599223289&sr=8-110
 Tecno Spark Power 2 (Misty Grey, 64 GB) (4 GB RAM);5.0 out of 5 stars;https://m.media-amazon.com/images/I/31t53Ba1URL._AC_UY218_.jpg;11,989;https://www.amazon.in/Tecno-Spark-Power-Misty-Grey/dp/B08C788B9J/ref=sr_1_111?dchild=1&keywords=mobile&qid=1599223289&sr=8-111
 Vivo Y15 (Aqua Blue, 4GB RAM, 64GB Storage) with No Cost EMI/Additional Exchange;4.2 out of 5 stars;https://m.media-amazon.com/images/I/61d5kbgcBxL._AC_UY218_.jpg;12,990;https://www.amazon.in/Vivo-Aqua-Storage-Additional-Exchange/dp/B07S6BGL1K/ref=sr_1_112?dchild=1&keywords=mobile&qid=1599223289&sr=8-112
 OPPO F15 (Unicorn White, 4GB RAM, 128GB Storage, with offer);4.2 out of 5 stars;https://m.media-amazon.com/images/I/61imtbccqsL._AC_UY218_.jpg;16,990;https://www.amazon.in/Unicorn-Storage-Additional-Exchange-Offers/dp/B07XF55838/ref=sr_1_113?dchild=1&keywords=mobile&qid=1599223294&sr=8-113
 Redmi Note 9 Pro Max (Interstellar Black, 8GB RAM, 128GB Storage) - 64MP Quad Camera & Latest 8nm Snapdragon 720G;4.2 out of 5 stars;https://m.media-amazon.com/images/I/81u6E5niDiL._AC_UY218_.jpg;19,999;https://www.amazon.in/Test-A6010-Dummy-Asin_29/dp/B07X4PW616/ref=sr_1_114?dchild=1&keywords=mobile&qid=1599223294&sr=8-114
 I KALL K6 (4GB, 32GB, 4G) (Red);1.0 out of 5 stars;https://m.media-amazon.com/images/I/61Q1fjPbWmL._AC_UY218_.jpg;6,299;https://www.amazon.in/KALL-K6-4GB-32GB-Red/dp/B08GKRKN5K/ref=sr_1_115?dchild=1&keywords=mobile&qid=1599223294&sr=8-115
 I KALL K110 (2GB, 16GB) (Blue);None;https://m.media-amazon.com/images/I/61dER2UjLOL._AC_UY218_.jpg;4,499;https://www.amazon.in/KALL-K110-2GB-16GB-Blue/dp/B08GWTQ66Y/ref=sr_1_116?dchild=1&keywords=mobile&qid=1599223294&sr=8-116
 Redmi Note 9 Pro (Interstellar Black, 6GB RAM, 128GB Storage) - Latest 8nm Snapdragon 720G & Gorilla Glass 5 Protection;4.2 out of 5 stars;https://m.media-amazon.com/images/I/91Lr-OxVKjL._AC_UY218_.jpg;None;https://www.amazon.in/Test-Exclusive-552/dp/B0784D862M/ref=sr_1_117?dchild=1&keywords=mobile&qid=1599223294&sr=8-117
 Oppo F15 (Unicorn White, 8GB RAM, 128GB Storage) with No Cost EMI / Additional Exchange Offers;4.2 out of 5 stars;https://m.media-amazon.com/images/I/61imtbccqsL._AC_UY218_.jpg;18,990;https://www.amazon.in/Oppo-Unicorn-Storage-Additional-Exchange/dp/B07XBYMDTH/ref=sr_1_118?dchild=1&keywords=mobile&qid=1599223294&sr=8-118
 Realme C12 (Power Blue, 32 GB) (3 GB RAM);None;https://m.media-amazon.com/images/I/31X1+mh8zPL._AC_UY218_.jpg;None;https://www.amazon.in/Realme-C12-Power-Blue-RAM/dp/B08GKHY681/ref=sr_1_119?dchild=1&keywords=mobile&qid=1599223294&sr=8-119
 Realme C11 (Rich Green, 32 GB) (2 GB RAM);3.9 out of 5 stars;https://m.media-amazon.com/images/I/61cDI9yRBFL._AC_UY218_.jpg;None;https://www.amazon.in/Realme-C11-Rich-Green-RAM/dp/B08DG4XPBC/ref=sr_1_120?dchild=1&keywords=mobile&qid=1599223294&sr=8-120
 Vivo Y20 (Obsidian Black, 4GB RAM, 64GB Storage) with No Cost EMI/Additional Exchange Offers;3.3 out of 5 stars;https://m.media-amazon.com/images/I/71CmI-iSSHL._AC_UY218_.jpg;12,990;https://www.amazon.in/Vivo-Obsidian-Storage-Additional-Exchange/dp/B089MS3GL9/ref=sr_1_121?dchild=1&keywords=mobile&qid=1599223294&sr=8-121
 IKALL K201 (2GB, 16GB) (Green);1.0 out of 5 stars;https://m.media-amazon.com/images/I/51CgsvhuxVL._AC_UY218_.jpg;5,499;https://www.amazon.in/IKALL-K201-2GB-16GB-Green/dp/B08FQXLJWQ/ref=sr_1_122?dchild=1&keywords=mobile&qid=1599223294&sr=8-122
 IKALL K201 (2GB, 16GB) (Blue);1.0 out of 5 stars;https://m.media-amazon.com/images/I/51BLhPjEUCL._AC_UY218_.jpg;5,499;https://www.amazon.in/IKALL-K201-2GB-16GB-Blue/dp/B08FQQSD66/ref=sr_1_123?dchild=1&keywords=mobile&qid=1599223294&sr=8-123
 Panasonic Eluga I6 (Black, 2GB Ram, 16GB Storage);3.2 out of 5 stars;https://m.media-amazon.com/images/I/615NcIueEhL._AC_UY218_.jpg;6,195;https://www.amazon.in/Panasonic-Eluga-Black-16GB-Storage/dp/B085W2YQ1F/ref=sr_1_124?dchild=1&keywords=mobile&qid=1599223294&sr=8-124
 Nokia 2.3 (Sand, 2GB RAM, 32GB Storage);3.9 out of 5 stars;https://m.media-amazon.com/images/I/412T97bWMtL._AC_UY218_.jpg;8,865;https://www.amazon.in/Nokia-2-3-Sand-32GB-Storage/dp/B08DGMF86F/ref=sr_1_125?dchild=1&keywords=mobile&qid=1599223294&sr=8-125
 Redmi 9 (Carbon Black, 4GB RAM, 64GB Storage);None;https://m.media-amazon.com/images/I/71uZrDPrsRL._AC_UY218_.jpg;8,999;https://www.amazon.in/Redmi-Carbon-Black-64GB-Storage/dp/B086985T6R/ref=sr_1_126?dchild=1&keywords=mobile&qid=1599223294&sr=8-126
 Redmi Note 9 Pro Max (Interstellar Black, 6GB RAM, 64GB Storage) - 64MP Quad Camera & Latest 8nm Snapdragon 720G;4.2 out of 5 stars;https://m.media-amazon.com/images/I/81u6E5niDiL._AC_UY218_.jpg;16,999;https://www.amazon.in/Test-Exclusive-557/dp/B077PWJ8RS/ref=sr_1_127?dchild=1&keywords=mobile&qid=1599223294&sr=8-127
 Samsung Galaxy A21s (Black, 6GB RAM, 64GB Storage) with No Cost EMI/Additional Exchange Offers;3.3 out of 5 stars;https://m.media-amazon.com/images/I/81zb1bxd6NL._AC_UY218_.jpg;16,498;https://www.amazon.in/Samsung-Galaxy-Storage-Additional-Exchange/dp/B086KCCKKW/ref=sr_1_128?dchild=1&keywords=mobile&qid=1599223294&sr=8-128
 Redmi Y1 (Grey, 3GB RAM, 32GB Storage);4.0 out of 5 stars;https://m.media-amazon.com/images/I/81vXuF8is9L._AC_UY218_.jpg;7,999;https://www.amazon.in/Redmi-Grey-3GB-32GB-Storage/dp/B0756ZJ1FN/ref=sr_1_129?dchild=1&keywords=mobile&qid=1599223299&sr=8-129
 Karbonn K59 (Yellow/Black);3.0 out of 5 stars;https://m.media-amazon.com/images/I/71KkUDb1HeL._AC_UY218_.jpg;None;https://www.amazon.in/Karbonn-K59-Yellow-Black/dp/B014CRKUII/ref=sr_1_130?dchild=1&keywords=mobile&qid=1599223299&sr=8-130
 Realme 6 (Comet Blue, 64 GB) (6 GB RAM);3.5 out of 5 stars;https://m.media-amazon.com/images/I/31v6TlmmthL._AC_UY218_.jpg;None;https://www.amazon.in/Realme-%E0%A4%95%E0%A5%89%E0%A4%AE%E0%A5%87%E0%A4%9F-%E0%A4%AC%E0%A5%8D%E0%A4%B2%E0%A5%82-%E0%A4%A8%E0%A5%80%E0%A4%B2%E0%A4%BE-64GB/dp/B08DF9F814/ref=sr_1_131?dchild=1&keywords=mobile&qid=1599223299&sr=8-131
 Nokia 2.3 (Charcoal, 2GB RAM, 32GB Storage);3.9 out of 5 stars;https://m.media-amazon.com/images/I/41gAZdQUyZL._AC_UY218_.jpg;8,780;https://www.amazon.in/Nokia-2-3-Charcoal-32GB-Storage/dp/B083S9P1KS/ref=sr_1_132?dchild=1&keywords=mobile&qid=1599223299&sr=8-132
 Redmi Note 9 (Pebble Grey, 4GB RAM 128GB Storage) - 48MP Quad Camera & Full HD+ Display;4.2 out of 5 stars;https://m.media-amazon.com/images/I/81mtDLql+XL._AC_UY218_.jpg;13,499;https://www.amazon.in/Redmi-Note-Pebble-128GB-Storage/dp/B08695YRKV/ref=sr_1_133?dchild=1&keywords=mobile&qid=1599223299&sr=8-133
 OPPO A31 (Lake Green, 6GB RAM, 128GB Storage) with No Cost EMI/Additional Exchange Offers;3.9 out of 5 stars;https://m.media-amazon.com/images/I/71AHtKejSlL._AC_UY218_.jpg;14,990;https://www.amazon.in/Green-Storage-Additional-Exchange-Offers/dp/B089MQ765W/ref=sr_1_134?dchild=1&keywords=mobile&qid=1599223299&sr=8-134
 Realme 5 Pro (Chroma White, 6GB RAM, 64GB Storage);None;https://m.media-amazon.com/images/I/51r+EtH4JiL._AC_UY218_.jpg;None;https://www.amazon.in/Realme-Chroma-White-64GB-Storage/dp/B08GM4D264/ref=sr_1_135?dchild=1&keywords=mobile&qid=1599223299&sr=8-135
 Vivo S1 Pro (Jazzy Blue, 8GB RAM, 128GB Storage) with No Cost EMI/Additional Exchange Offers;4.0 out of 5 stars;https://m.media-amazon.com/images/I/51k5RDo22UL._AC_UY218_.jpg;19,990;https://www.amazon.in/Test-Exclusive-TST_Exclusive1044-3GB-Storage/dp/B07S9G4LB3/ref=sr_1_136?dchild=1&keywords=mobile&qid=1599223299&sr=8-136
 OnePlus 7T (Glacier Blue, 8GB RAM, Fluid AMOLED Display, 256GB Storage, 3800mAH Battery);4.5 out of 5 stars;https://m.media-amazon.com/images/I/71ncRs6HzyL._AC_UY218_.jpg;37,999;https://www.amazon.in/Test-Exclusive-748/dp/B07DJLVJ5M/ref=sr_1_137?dchild=1&keywords=mobile&qid=1599223299&sr=8-137
 I KALL K8 (2GB, 16GB) (Green);3.0 out of 5 stars;https://m.media-amazon.com/images/I/51mzCyXinlL._AC_UY218_.jpg;4,499;https://www.amazon.in/KALL-K8-2GB-16GB-Green/dp/B08FXM49FL/ref=sr_1_138?dchild=1&keywords=mobile&qid=1599223299&sr=8-138
 OPPO A92020 (Space Purple, 8GB RAM, 128GB Storage) Without Offer;4.1 out of 5 stars;https://m.media-amazon.com/images/I/71d1g6F1h+L._AC_UY218_.jpg;None;https://www.amazon.in/A92020-Space-Purple-Storage-Without/dp/B07SDQDR9Y/ref=sr_1_139?dchild=1&keywords=mobile&qid=1599223299&sr=8-139
 Realme C2 2GB 32GB (Diamond Blue);3.9 out of 5 stars;https://m.media-amazon.com/images/I/41WtXORpphL._AC_UY218_.jpg;None;https://www.amazon.in/Realme-C2-32GB-Diamond-Blue/dp/B07TST57MN/ref=sr_1_140?dchild=1&keywords=mobile&qid=1599223299&sr=8-140
 Redmi Note 9 (Aqua Green, 6GB RAM 128GB Storage) - 48MP Quad Camera & Full HD+ Display;4.2 out of 5 stars;https://m.media-amazon.com/images/I/81EjHa-dSJL._AC_UY218_.jpg;14,999;https://www.amazon.in/Redmi-Note-Green-128GB-Storage/dp/B086977TRJ/ref=sr_1_141?dchild=1&keywords=mobile&qid=1599223299&sr=8-141
 Samsung Galaxy M11 (Metallic Blue, 3GB RAM, 32GB Storage) with No Cost EMI/Additional Exchange Offers;4.0 out of 5 stars;https://m.media-amazon.com/images/I/71hqi389rcL._AC_UY218_.jpg;10,999;https://www.amazon.in/Samsung-Metallic-Storage-Additional-Exchange/dp/B086K9YCVN/ref=sr_1_142?dchild=1&keywords=mobile&qid=1599223299&sr=8-142
 Tecno Spark 5 Pro (Spark Orange, 4GB RAM, 64GB Storage);3.9 out of 5 stars;https://m.media-amazon.com/images/I/91TEKlOMGIL._AC_UY218_.jpg;11,499;https://www.amazon.in/Tecno-Spark-Orange-64GB-Storage/dp/B087K5ZMR8/ref=sr_1_143?dchild=1&keywords=mobile&qid=1599223299&sr=8-143
 Gionee S11 Lite (Black, 4GB Ram, 32GB Storage);3.0 out of 5 stars;https://m.media-amazon.com/images/I/41CjHXEP6cL._AC_UY218_.jpg;8,499;https://www.amazon.in/Gionee-S11-Lite-Black-32GB/dp/B078SC25KL/ref=sr_1_144?dchild=1&keywords=mobile&qid=1599223299&sr=8-144
