Asian Century-06 Grey Black Sports Shoes Running Shoes For Me...,₹629,,https://rukminim1.flixcart.com/image/309/371/k3khevk0/shoe/z/n/b/century-06cgryblk-6-asian-grey-original-imafmz8qz4gu88hc.jpeg?q=50,https://www.flipkart.com/asian-century-06-grey-black-sports-shoes-running-men/p/itmdded21eb87725?pid=SHOFMZ3UMZGCRKKX&lid=LSTSHOFMZ3UMZGCRKKXWD7PSQ&marketplace=FLIPKART&srno=s_1_1&otracker=search&fm=organic&iid=en_%2FAVysqfUdoqWwXo1WEj%2F30nxyOelYXR%2BMQWomXTezKynmvKyAMaicWufR4tz9zt5zJ3TkRZwdYsWceG4ID4oQw%3D%3D&ssid=w6h9vk2v000000001599115539215&qH=641303cbb4a9b88c
Asian Worldcup-03 Running shoes for boys | sports shoes for m...,"₹1,349",,https://rukminim1.flixcart.com/image/309/371/kd69z0w0/shoe/4/n/r/worldcup-03cblkmrn-asian-black-maroon-original-imafu5adhsudnc9h.jpeg?q=50,https://www.flipkart.com/asian-worldcup-03-running-shoes-boys-sports-men-latest-stylish-casual-sneakers-lace-up-lightweight-black-running-walking-gym-trekking-hiking-party/p/itme9e9b7afb6bc2?pid=SHOFM47GGG2GGPUU&lid=LSTSHOFM47GGG2GGPUUTKR09E&marketplace=FLIPKART&srno=s_1_2&otracker=search&fm=organic&iid=en_%2FAVysqfUdoqWwXo1WEj%2F30nxyOelYXR%2BMQWomXTezKyMjW%2B1a8GFYQTRAoYSxtDwVshaBGoVAQawbBk5Pgi%2BZg%3D%3D&ssid=w6h9vk2v000000001599115539215&qH=641303cbb4a9b88c
Asian WNDR-13 Running Shoes For Men,₹449,,https://rukminim1.flixcart.com/image/309/371/jur9nrk0/shoe/k/b/a/wonder-1313-7-asian-grey-orange-original-imaffbmzjc5hmagy.jpeg?q=50,https://www.flipkart.com/asian-wndr-13-running-shoes-men/p/itmff96xgyjjf3fx?pid=SHOF3KF5JV3PDQHW&lid=LSTSHOF3KF5JV3PDQHW3ZSMEL&marketplace=FLIPKART&srno=s_1_3&otracker=search&fm=organic&iid=329e67ab-27e5-4bac-aa20-3edb179f25df.SHOF3KF5JV3PDQHW.SEARCH&ssid=w6h9vk2v000000001599115539215&qH=641303cbb4a9b88c
Asian Cosco Running Shoes For Men,₹584,,https://rukminim1.flixcart.com/image/309/371/jwnusnk0/shoe/r/p/h/coscocnblue-11-asian-blue-original-imafhazbzxxhg6fz.jpeg?q=50,https://www.flipkart.com/asian-cosco-running-shoes-men/p/itmfe37fzu48vnye?pid=SHOF78HRHXTDFGGJ&lid=LSTSHOF78HRHXTDFGGJJFYFGM&marketplace=FLIPKART&srno=s_1_4&otracker=search&fm=organic&iid=329e67ab-27e5-4bac-aa20-3edb179f25df.SHOF78HRHXTDFGGJ.SEARCH&ppt=sp&ppn=sp&ssid=zmmg2eonrk0000001599115549094&qH=641303cbb4a9b88c
Asian Easywalk-08 Running shoes for boys |sports shoes for me...,₹674,,https://rukminim1.flixcart.com/image/309/371/k2qh5zk0/shoe/c/t/n/easywalk-08cwht-10-asian-white-original-imafmfy7zbnkazcp.jpeg?q=50,https://www.flipkart.com/asian-easywalk-08-running-shoes-boys-sports-men-latest-stylish-casual-sneakers-lace-up-lightweight-white-running-walking-gym-trekking-hiking-party/p/itm2e9b271d57045?pid=SHOFMYU557CAXXT9&lid=LSTSHOFMYU557CAXXT9SETGWT&marketplace=FLIPKART&srno=s_1_5&otracker=search&fm=organic&iid=329e67ab-27e5-4bac-aa20-3edb179f25df.SHOFMYU557CAXXT9.SEARCH&ssid=w6h9vk2v000000001599115539215&qH=641303cbb4a9b88c
Asian Captain-12 Running shoes for boys | sports shoes for me...,₹539,,https://rukminim1.flixcart.com/image/309/371/kd69z0w0/shoe/n/b/5/captain-12cgryred-asian-grey-original-imafu5acyhgrzzzj.jpeg?q=50,https://www.flipkart.com/asian-captain-12-running-shoes-boys-sports-men-latest-stylish-casual-sneakers-lace-up-lightweight-grey-running-walking-gym-trekking-hiking-party/p/itmf35746cd86ff9?pid=SHOFQ3B8ZMHVVXTE&lid=LSTSHOFQ3B8ZMHVVXTEDQJOIM&marketplace=FLIPKART&srno=s_1_6&otracker=search&fm=organic&iid=329e67ab-27e5-4bac-aa20-3edb179f25df.SHOFQ3B8ZMHVVXTE.SEARCH&ssid=w6h9vk2v000000001599115539215&qH=641303cbb4a9b88c
"Asian Airsocks-12 Men's Flyknit Socks Sneakers,Ultra-lightwei...",₹649,,https://rukminim1.flixcart.com/image/309/371/k4d27ww0/shoe/x/m/s/airsocks-12cgryblue-6-asian-grey-blue-original-imafk53wn4fzhae8.jpeg?q=50,https://www.flipkart.com/asian-airsocks-12-men-s-flyknit-socks-sneakers-ultra-lightweight-breathable-walking-running-casual-athleisure-knitted-sock-shoes-walking-men/p/itmfbbe1391d2688?pid=SHOFJY4YDABJXWE7&lid=LSTSHOFJY4YDABJXWE7J9GXDR&marketplace=FLIPKART&srno=s_1_7&otracker=search&fm=organic&iid=329e67ab-27e5-4bac-aa20-3edb179f25df.SHOFJY4YDABJXWE7.SEARCH&ppt=sp&ppn=sp&ssid=zmmg2eonrk0000001599115549094&qH=641303cbb4a9b88c
Asian WNDR-13 Running Shoes For Men,₹449,,https://rukminim1.flixcart.com/image/309/371/jy1v7gw0/shoe/x/z/j/wndr-13cblkrd-12-asian-black-red-original-imaenr72ttddwgwh.jpeg?q=50,https://www.flipkart.com/asian-wndr-13-running-shoes-men/p/itmfd9fjf3z8grtb?pid=SHOF3KF52EHGQZX2&lid=LSTSHOF3KF52EHGQZX2NHRWNR&marketplace=FLIPKART&srno=s_1_8&otracker=search&fm=organic&iid=329e67ab-27e5-4bac-aa20-3edb179f25df.SHOF3KF52EHGQZX2.SEARCH&ppt=sp&ppn=sp&ssid=zmmg2eonrk0000001599115549094&qH=641303cbb4a9b88c
Asian Century-12 Running shoes for boys | sports shoes for me...,₹584,,https://rukminim1.flixcart.com/image/309/371/k0sgl8w0/shoe/z/h/s/century-12cnblsky-6-asian-navy-original-imafkgdfcgj2nzva.jpeg?q=50,https://www.flipkart.com/asian-century-12-running-shoes-boys-sports-men-latest-stylish-casual-sport-lace-up-lightweight-navy-running-walking-gym-trekking-hiking-party/p/itma33a21f84f732?pid=SHOFKH3E533KHZHS&lid=LSTSHOFKH3E533KHZHSC2AF8V&marketplace=FLIPKART&srno=s_1_9&otracker=search&fm=organic&iid=329e67ab-27e5-4bac-aa20-3edb179f25df.SHOFKH3E533KHZHS.SEARCH&ssid=w6h9vk2v000000001599115539215&qH=641303cbb4a9b88c
Asian Running Shoes For Men,₹606,,https://rukminim1.flixcart.com/image/309/371/jyvvgcw0/shoe/m/e/d/coscocgryblk-8-asian-grey-original-imafe3bnabzpqxgh.jpeg?q=50,https://www.flipkart.com/asian-running-shoes-men/p/itmfe3bnzhckr7n5?pid=SHOFEFWHZFFAE2EX&lid=LSTSHOFEFWHZFFAE2EXTTUZFW&marketplace=FLIPKART&srno=s_1_10&otracker=search&fm=organic&iid=329e67ab-27e5-4bac-aa20-3edb179f25df.SHOFEFWHZFFAE2EX.SEARCH&ssid=w6h9vk2v000000001599115539215&qH=641303cbb4a9b88c
Asian WNDR-13 Running Shoes For Men,₹449,,https://rukminim1.flixcart.com/image/309/371/ju4em4w0/shoe/c/2/w/wonder-13-11-asian-white-original-imaeprfg8g64ajzb.jpeg?q=50,https://www.flipkart.com/asian-wndr-13-running-shoes-men/p/itmfe37f4sqftfmr?pid=SHOF3KF5VPCANE4D&lid=LSTSHOF3KF5VPCANE4DA7WNGO&marketplace=FLIPKART&srno=s_1_12&otracker=search&fm=organic&iid=329e67ab-27e5-4bac-aa20-3edb179f25df.SHOF3KF5VPCANE4D.SEARCH&ssid=w6h9vk2v000000001599115539215&qH=641303cbb4a9b88c
Asian Jio-13 Running Shoes For Men,₹449,,https://rukminim1.flixcart.com/image/309/371/ju4em4w0/shoe/w/h/z/wndr-13cgrnred-10-asian-green-original-imaf8adfzf7trh4y.jpeg?q=50,https://www.flipkart.com/asian-jio-13-running-shoes-men/p/itmff67fufdsbrqj?pid=SHOF8ABMUYHF4S8R&lid=LSTSHOF8ABMUYHF4S8RYH0HGN&marketplace=FLIPKART&spotlightTagId=TrendingId_osp%2Fcil%2F1cu&srno=s_1_13&otracker=search&fm=organic&iid=329e67ab-27e5-4bac-aa20-3edb179f25df.SHOF8ABMUYHF4S8R.SEARCH&ppt=sp&ppn=sp&ssid=zmmg2eonrk0000001599115549094&qH=641303cbb4a9b88c
Asian Captain-13 Running shoes for boys | sports shoes for me...,₹494,,https://rukminim1.flixcart.com/image/309/371/k7z3afk0/shoe/m/5/n/captain-13cnblred-8-asian-navy-original-imafq3dyz937rdgx.jpeg?q=50,https://www.flipkart.com/asian-captain-13-running-shoes-boys-sports-men-latest-stylish-casual-sneakers-lace-up-lightweight-navy-running-walking-gym-trekking-hiking-party/p/itmc9bbb1ba77ad4?pid=SHOFQ3B849EFEM5N&lid=LSTSHOFQ3B849EFEM5NQMMGAT&marketplace=FLIPKART&srno=s_1_14&otracker=search&fm=organic&iid=en_%2FAVysqfUdoqWwXo1WEj%2F30nxyOelYXR%2BMQWomXTezKyi%2BlH6rSIV%2F%2BaHhHxLsODlF2yy13oF2%2BPoBgVDqaUXJw%3D%3D&ssid=w6h9vk2v000000001599115539215&qH=641303cbb4a9b88c
Asian Future-01 running shoes For Men,₹449,,https://rukminim1.flixcart.com/image/309/371/jv2p6kw0/shoe/y/3/g/future01cwhtnbl-bnce51cblkblue-8-asian-multicolor-original-imaeeb6sgzxhzevq.jpeg?q=50,https://www.flipkart.com/asian-future-01-running-shoes-men/p/itmf3xv7anhcngg8?pid=SHOEEBH8EEBMFAZZ&lid=LSTSHOEEBH8EEBMFAZZW6NFFB&marketplace=FLIPKART&srno=s_1_15&otracker=search&fm=organic&iid=329e67ab-27e5-4bac-aa20-3edb179f25df.SHOEEBH8EEBMFAZZ.SEARCH&ssid=w6h9vk2v000000001599115539215&qH=641303cbb4a9b88c
Asian Hattrick-09 Running shoes for boys |sports shoes for me...,₹719,,https://rukminim1.flixcart.com/image/309/371/k5txifk0/shoe/c/p/r/09cfrz-6-asian-green-original-imafzfgf9zs4z2gz.jpeg?q=50,https://www.flipkart.com/asian-hattrick-09-running-shoes-boys-sports-men-latest-stylish-casual-sneakers-lace-up-lightweight-firozi-running-walking-gym-trekking-hiking-party/p/itm156b48dbb182f?pid=SHOFZFECEPXJ2ACD&lid=LSTSHOFZFECEPXJ2ACDUEXHQV&marketplace=FLIPKART&srno=s_1_16&otracker=search&fm=organic&iid=329e67ab-27e5-4bac-aa20-3edb179f25df.SHOFZFECEPXJ2ACD.SEARCH&ppt=sp&ppn=sp&ssid=zmmg2eonrk0000001599115549094&qH=641303cbb4a9b88c
Asian Walking Shoes For Men,₹473,,https://rukminim1.flixcart.com/image/309/371/jsge4cw0/shoe/b/8/g/superfit-45-asian-navy-grey-original-imaejzhy75mbvmzs.jpeg?q=50,https://www.flipkart.com/asian-walking-shoes-men/p/itmfbzevpedbbkwx?pid=SHOEJYG3HHZCXMD3&lid=LSTSHOEJYG3HHZCXMD3DRZMM0&marketplace=FLIPKART&srno=s_1_17&otracker=search&fm=organic&iid=329e67ab-27e5-4bac-aa20-3edb179f25df.SHOEJYG3HHZCXMD3.SEARCH&ssid=w6h9vk2v000000001599115539215&qH=641303cbb4a9b88c
Asian Future-01 running shoes For Men,₹449,,https://rukminim1.flixcart.com/image/309/371/jv2p6kw0/shoe/r/b/z/future-01clgrydgry-prime01cnblorng-6-asian-multicolor-original-imaeeb6txcwefcth.jpeg?q=50,https://www.flipkart.com/asian-future-01-running-shoes-men/p/itmf3xv87vgdggyn?pid=SHOEEBH7NCF2HGRZ&lid=LSTSHOEEBH7NCF2HGRZWTW6UB&marketplace=FLIPKART&srno=s_1_18&otracker=search&fm=organic&iid=329e67ab-27e5-4bac-aa20-3edb179f25df.SHOEEBH7NCF2HGRZ.SEARCH&ssid=w6h9vk2v000000001599115539215&qH=641303cbb4a9b88c
"Asian WNDR-13 Training Shoes,Walking Shoes,Gym Shoes,Sports S...",₹449,,https://rukminim1.flixcart.com/image/309/371/jy1v7gw0/shoe/7/w/h/wndr-13cgryblk-12-asian-grey-black-original-imaf37vtwrttchqe.jpeg?q=50,https://www.flipkart.com/asian-wndr-13-training-shoes-walking-shoes-gym-shoes-sports-shoes-running-men/p/itmfexam9utsputk?pid=SHOF3KF5NB5FRXGV&lid=LSTSHOF3KF5NB5FRXGVUJ8TI0&marketplace=FLIPKART&srno=s_1_19&otracker=search&fm=organic&iid=329e67ab-27e5-4bac-aa20-3edb179f25df.SHOF3KF5NB5FRXGV.SEARCH&ssid=w6h9vk2v000000001599115539215&qH=641303cbb4a9b88c
Asian Airsocks-10 Black Running shoes for boys | laceless spo...,₹799,,https://rukminim1.flixcart.com/image/309/371/k9loccw0/shoe/e/g/w/airsocks-10cblk-7-asian-black-original-imafrcrwdqp2s6q7.jpeg?q=50,https://www.flipkart.com/asian-airsocks-10-black-running-shoes-boys-laceless-sports-men-latest-stylish-casual-sneakers-without-laces-slip-sock-running-walking-gym-trekking-party-walking/p/itm07c515b0df6b6?pid=SHOFGVBJHCJ8UEGW&lid=LSTSHOFGVBJHCJ8UEGWLHT6KE&marketplace=FLIPKART&srno=s_1_20&otracker=search&fm=organic&iid=en_%2FAVysqfUdoqWwXo1WEj%2F30nxyOelYXR%2BMQWomXTezKzBkFYjoG2aNoEFu1tGzIJTEEHsEZkgnO94xNyJCkNJpw%3D%3D&ppt=sp&ppn=sp&ssid=zmmg2eonrk0000001599115549094&qH=641303cbb4a9b88c
Asian Captain-12 Running shoes for boys | sports shoes for me...,₹516,,https://rukminim1.flixcart.com/image/309/371/kddf6a80pkrrdj/shoe/f/s/i/10-captain-12-asian-original-imafucrgbgj6vjye.jpeg?q=50,https://www.flipkart.com/asian-captain-12-running-shoes-boys-sports-men-latest-stylish-casual-sneakers-lace-up-lightweight-navy-running-walking-gym-trekking-hiking-party/p/itme6fac3f600147?pid=SHOFQ3B8R5YVKTTX&lid=LSTSHOFQ3B8R5YVKTTX8MRQBI&marketplace=FLIPKART&spotlightTagId=TrendingId_osp%2Fcil%2F1cu&srno=s_1_21&otracker=search&fm=organic&iid=329e67ab-27e5-4bac-aa20-3edb179f25df.SHOFQ3B8R5YVKTTX.SEARCH&ppt=sp&ppn=sp&ssid=zmmg2eonrk0000001599115549094&qH=641303cbb4a9b88c
Asian Worldcup-03 Running shoes for boys | sports shoes for m...,"₹1,349",,https://rukminim1.flixcart.com/image/309/371/kd69z0w0/shoe/4/n/r/worldcup-03cblkmrn-asian-black-maroon-original-imafu5adhsudnc9h.jpeg?q=50,https://www.flipkart.com/asian-worldcup-03-running-shoes-boys-sports-men-latest-stylish-casual-sneakers-lace-up-lightweight-black-running-walking-gym-trekking-hiking-party/p/itme9e9b7afb6bc2?pid=SHOFM47GJVRW6H8D&lid=LSTSHOFM47GJVRW6H8DP7HST6&marketplace=FLIPKART&srno=s_1_22&otracker=search&fm=organic&iid=329e67ab-27e5-4bac-aa20-3edb179f25df.SHOFM47GJVRW6H8D.SEARCH&ssid=w6h9vk2v000000001599115539215&qH=641303cbb4a9b88c
Asian Easywalk-08 Running shoes for boys |sports shoes for me...,₹674,,https://rukminim1.flixcart.com/image/309/371/k3ncakw0/shoe/2/y/v/easywalk-08cfrz-tblue-10-asian-firozi-original-imafmz8g2jgtpcq4.jpeg?q=50,https://www.flipkart.com/asian-easywalk-08-running-shoes-boys-sports-men-latest-stylish-casual-sneakers-lace-up-lightweight-turquoise-running-walking-gym-trekking-hiking-party/p/itm6dbe6e945d6a7?pid=SHOFMZ4ZYGSPEABH&lid=LSTSHOFMZ4ZYGSPEABHWI2FEX&marketplace=FLIPKART&srno=s_1_23&otracker=search&fm=organic&iid=329e67ab-27e5-4bac-aa20-3edb179f25df.SHOFMZ4ZYGSPEABH.SEARCH&ssid=w6h9vk2v000000001599115539215&qH=641303cbb4a9b88c
"Asian Airsocks-12 Men's Flyknit Socks Sneakers,Ultra-lightwei...",₹649,,https://rukminim1.flixcart.com/image/309/371/k4d27ww0/shoe/8/5/j/airsocks-12cgrymrn-6-asian-grey-maroon-original-imafk53xx2qzh6nh.jpeg?q=50,https://www.flipkart.com/asian-airsocks-12-men-s-flyknit-socks-sneakers-ultra-lightweight-breathable-walking-running-casual-athleisure-knitted-sock-shoes-walking-men/p/itmb3a321b6608de?pid=SHOFJY4YXYZGQWHN&lid=LSTSHOFJY4YXYZGQWHNB5FSA8&marketplace=FLIPKART&srno=s_1_25&otracker=search&fm=organic&iid=329e67ab-27e5-4bac-aa20-3edb179f25df.SHOFJY4YXYZGQWHN.SEARCH&ssid=w6h9vk2v000000001599115539215&qH=641303cbb4a9b88c
Asian Athleisure Knitted Sock Shoes Walking Shoes For Men,₹649,,https://rukminim1.flixcart.com/image/309/371/k4d27ww0/shoe/k/v/a/airsocks-12cblkrd-6-asian-black-red-original-imafk53zyh5hejtd.jpeg?q=50,https://www.flipkart.com/asian-athleisure-knitted-sock-shoes-walking-men/p/itm960438d90336a?pid=SHOFJY4ZJYFYDGT9&lid=LSTSHOFJY4ZJYFYDGT975FIRC&marketplace=FLIPKART&srno=s_1_26&otracker=search&fm=organic&iid=329e67ab-27e5-4bac-aa20-3edb179f25df.SHOFJY4ZJYFYDGT9.SEARCH&ssid=w6h9vk2v000000001599115539215&qH=641303cbb4a9b88c
Asian Drag-02 Running shoes for boys | sports shoes for men |...,₹999,,https://rukminim1.flixcart.com/image/309/371/k4d27ww0/shoe/s/y/v/dragon-02cnavy-7-asian-navy-original-imafnyzrusxbhyzg.jpeg?q=50,https://www.flipkart.com/asian-drag-02-running-shoes-boys-sports-men-latest-stylish-casual-sneakers-lace-up-lightweight-navy-running-walking-gym-trekking-hiking-party-training-gym/p/itm1598365bb0e51?pid=SHOFNYGEWAQ4ZJFM&lid=LSTSHOFNYGEWAQ4ZJFMAEDHNY&marketplace=FLIPKART&srno=s_1_27&otracker=search&fm=organic&iid=329e67ab-27e5-4bac-aa20-3edb179f25df.SHOFNYGEWAQ4ZJFM.SEARCH&ssid=w6h9vk2v000000001599115539215&qH=641303cbb4a9b88c
Asian Century-04 Running shoes for boys | sports shoes for me...,₹629,,https://rukminim1.flixcart.com/image/309/371/k572gsw0/shoe/a/z/z/cenry-04cseagrnorng-10-asian-orange-original-imafmhjzxc8gfdbd.jpeg?q=50,https://www.flipkart.com/asian-century-04-running-shoes-boys-sports-men-latest-stylish-casual-sport-lace-up-lightweight-turquoise-running-walking-gym-trekking-hiking-party/p/itm475c2a468b1fd?pid=SHOFMHJZQBPPDZDX&lid=LSTSHOFMHJZQBPPDZDXJIDR4A&marketplace=FLIPKART&srno=s_1_28&otracker=search&fm=organic&iid=329e67ab-27e5-4bac-aa20-3edb179f25df.SHOFMHJZQBPPDZDX.SEARCH&ssid=w6h9vk2v000000001599115539215&qH=641303cbb4a9b88c
Asian Hattrick-09 Running shoes for boys |sports shoes for me...,₹719,,https://rukminim1.flixcart.com/image/309/371/k5txifk0/shoe/x/p/p/09cwht-9-asian-white-original-imafzfgf5ykfkkkc.jpeg?q=50,https://www.flipkart.com/asian-hattrick-09-running-shoes-boys-sports-men-latest-stylish-casual-sneakers-lace-up-lightweight-white-running-walking-gym-trekking-hiking-party/p/itm3849c640a4983?pid=SHOFZFECGAM9C8VQ&lid=LSTSHOFZFECGAM9C8VQEJFWMY&marketplace=FLIPKART&srno=s_1_29&otracker=search&fm=organic&iid=329e67ab-27e5-4bac-aa20-3edb179f25df.SHOFZFECGAM9C8VQ.SEARCH&ssid=w6h9vk2v000000001599115539215&qH=641303cbb4a9b88c
Asian Century-04 Running shoes for boys | sports shoes for me...,₹629,,https://rukminim1.flixcart.com/image/309/371/k572gsw0/shoe/a/z/z/cenry-04cseagrnorng-10-asian-orange-original-imafmhjzxc8gfdbd.jpeg?q=50,https://www.flipkart.com/asian-century-04-running-shoes-boys-sports-men-latest-stylish-casual-sport-lace-up-lightweight-turquoise-running-walking-gym-trekking-hiking-party/p/itm475c2a468b1fd?pid=SHOFMHJZBZEPF6ZM&lid=LSTSHOFMHJZBZEPF6ZMRPPFVM&marketplace=FLIPKART&srno=s_1_30&otracker=search&fm=organic&iid=en_%2FAVysqfUdoqWwXo1WEj%2F30nxyOelYXR%2BMQWomXTezKwReoCucTROMAPUZUEXA6dXt%2BFwgaBZmC3yFfpDBrYitQ%3D%3D&ssid=w6h9vk2v000000001599115539215&qH=641303cbb4a9b88c
Asian Jio-13 Running Shoes For Men,₹499,,https://rukminim1.flixcart.com/image/309/371/ju4em4w0/shoe/9/4/r/wndr-13cblksilver-7-asian-black-original-imafa5rzfsnyzaeh.jpeg?q=50,https://www.flipkart.com/asian-jio-13-running-shoes-men/p/itmfe37fvammuusy?pid=SHOF8ABMPGRHNUSH&lid=LSTSHOF8ABMPGRHNUSHW4H2XN&marketplace=FLIPKART&srno=s_1_31&otracker=search&fm=organic&iid=329e67ab-27e5-4bac-aa20-3edb179f25df.SHOF8ABMPGRHNUSH.SEARCH&ssid=w6h9vk2v000000001599115539215&qH=641303cbb4a9b88c
Asian Sneaker-03 Navy Sky Running shoes for boys |sports shoe...,₹899,,https://rukminim1.flixcart.com/image/309/371/kdrpksw0-0/shoe/q/b/v/sneaker-03cnblsky-6-asian-blue-original-imafuhwzscbkxyhd.jpeg?q=50,https://www.flipkart.com/asian-sneaker-03-navy-sky-running-shoes-boys-sports-men-latest-stylish-casual-sneakers-lace-up-lightweight-white-running-walking-gym-trekking-hiking-party/p/itma1d33ec21b61f?pid=SHOFUHX5NH8Z2FDB&lid=LSTSHOFUHX5NH8Z2FDB8NI1A0&marketplace=FLIPKART&srno=s_1_32&otracker=search&fm=organic&iid=329e67ab-27e5-4bac-aa20-3edb179f25df.SHOFUHX5NH8Z2FDB.SEARCH&ssid=w6h9vk2v000000001599115539215&qH=641303cbb4a9b88c
"Asian Walking Shoes,Gym Shoes,Knit Sports Shoes,Training Shoe...",₹449,,https://rukminim1.flixcart.com/image/309/371/jziqhzk0/shoe/f/f/r/f-04cblk-skypycnblorng-7-asian-multicolor-original-imaekkzgz4supqbk.jpeg?q=50,https://www.flipkart.com/asian-walking-shoes-gym-shoes-knit-sports-shoes-training-shoes-sports-shoes-running-shoes-casual-shoes-men/p/itmf6c493ftrtcwx?pid=SHOF6CYWZXHUZTPY&lid=LSTSHOF6CYWZXHUZTPYXYHJ7X&marketplace=FLIPKART&srno=s_1_33&otracker=search&fm=organic&iid=329e67ab-27e5-4bac-aa20-3edb179f25df.SHOF6CYWZXHUZTPY.SEARCH&ssid=w6h9vk2v000000001599115539215&qH=641303cbb4a9b88c
Asian Running Shoes For Men,₹799,,https://rukminim1.flixcart.com/image/309/371/kd1zngw0-0/shoe/5/m/a/hattrick-11cnavy-6-asian-navy-original-imafufqbjuffbqjc.jpeg?q=50,https://www.flipkart.com/asian-running-shoes-men/p/itma37d1a404a775?pid=SHOFUFQWZYYWTGCP&lid=LSTSHOFUFQWZYYWTGCPD8TBSJ&marketplace=FLIPKART&srno=s_1_34&otracker=search&fm=organic&iid=en_%2FAVysqfUdoqWwXo1WEj%2F30nxyOelYXR%2BMQWomXTezKxeHYqk6qoXXbcihpFnYQS7Bp3KqUkzJjCBbpdm%2BlT%2FXQ%3D%3D&ssid=w6h9vk2v000000001599115539215&qH=641303cbb4a9b88c
Asian Sneaker-03 Black Red Running shoes for boys |sports sho...,₹899,,https://rukminim1.flixcart.com/image/309/371/kdrpksw0-0/shoe/v/t/3/sneaker-03cblkred-9-asian-black-original-imafuhwnrtz449jh.jpeg?q=50,https://www.flipkart.com/asian-sneaker-03-black-red-running-shoes-boys-sports-men-latest-stylish-casual-sneakers-lace-up-lightweight-white-running-walking-gym-trekking-hiking-party/p/itm0bd81b7f1121a?pid=SHOFUHX56ZVBEJEE&lid=LSTSHOFUHX56ZVBEJEETXDSF2&marketplace=FLIPKART&srno=s_1_35&otracker=search&fm=organic&iid=329e67ab-27e5-4bac-aa20-3edb179f25df.SHOFUHX56ZVBEJEE.SEARCH&ssid=w6h9vk2v000000001599115539215&qH=641303cbb4a9b88c
Asian Easywalk-08 Running shoes for boys |sports shoes for me...,₹674,,https://rukminim1.flixcart.com/image/309/371/k9he0sw0/shoe/h/r/j/easywalk-08cmrn-9-asian-maroon-original-imafr9hwpyfadmqd.jpeg?q=50,https://www.flipkart.com/asian-easywalk-08-running-shoes-boys-sports-men-latest-stylish-casual-sneakers-lace-up-lightweight-maroon-running-walking-gym-trekking-hiking-party/p/itm98267f0f8b264?pid=SHOFNYHTGGCEGFHD&lid=LSTSHOFNYHTGGCEGFHDARYOZO&marketplace=FLIPKART&srno=s_1_36&otracker=search&fm=organic&iid=329e67ab-27e5-4bac-aa20-3edb179f25df.SHOFNYHTGGCEGFHD.SEARCH&ssid=w6h9vk2v000000001599115539215&qH=641303cbb4a9b88c
Asian Running Shoes For Men,₹473,,https://rukminim1.flixcart.com/image/309/371/jsj90280/shoe/s/f/c/wonder-11cwhtnbl-12-asian-white-original-imaex3gaw2rn6pae.jpeg?q=50,https://www.flipkart.com/asian-running-shoes-men/p/itmfar2fnhzgwp7f?pid=SHOEX325DA7RAFZK&lid=LSTSHOEX325DA7RAFZKIMNOJB&marketplace=FLIPKART&srno=s_1_37&otracker=search&fm=organic&iid=329e67ab-27e5-4bac-aa20-3edb179f25df.SHOEX325DA7RAFZK.SEARCH&ssid=w6h9vk2v000000001599115539215&qH=641303cbb4a9b88c
"Asian Excel-15 Firozi Athleisure Sports Range,Jooti Walking S...",₹561,,https://rukminim1.flixcart.com/image/309/371/jyvvgcw0/shoe/c/9/n/excel-15cfrz-6-asian-blue-original-imafcscyhmvbc4g2.jpeg?q=50,https://www.flipkart.com/asian-excel-15-firozi-athleisure-sports-range-jooti-walking-shoes-men/p/itmfcscyg5cvuktq?pid=SHOFCRCXMNFNJC9N&lid=LSTSHOFCRCXMNFNJC9N3S1QS2&marketplace=FLIPKART&srno=s_1_38&otracker=search&fm=organic&iid=329e67ab-27e5-4bac-aa20-3edb179f25df.SHOFCRCXMNFNJC9N.SEARCH&ssid=w6h9vk2v000000001599115539215&qH=641303cbb4a9b88c
"Asian Black Sports Shoes,Running Shoes,Walking Shoes,Training...",₹606,,https://rukminim1.flixcart.com/image/309/371/jyvvgcw0/shoe/h/z/d/coscocblk-10-asian-blackgrey-original-imafdwcgbh9hhedh.jpeg?q=50,https://www.flipkart.com/asian-black-sports-shoes-running-shoes-walking-shoes-training-shoes-running-shoes-men/p/itmfe37fngnbjswq?pid=SHOFA4TKB3YTU8UG&lid=LSTSHOFA4TKB3YTU8UG1FBDQO&marketplace=FLIPKART&srno=s_1_39&otracker=search&fm=organic&iid=329e67ab-27e5-4bac-aa20-3edb179f25df.SHOFA4TKB3YTU8UG.SEARCH&ssid=w6h9vk2v000000001599115539215&qH=641303cbb4a9b88c
Asian Hattrick-04 Running shoes for boys |sports shoes for me...,₹764,,https://rukminim1.flixcart.com/image/309/371/k5txifk0/shoe/g/h/j/hattrick-04cwht-7-asian-white-original-imafzfg7dz6vzkzc.jpeg?q=50,https://www.flipkart.com/asian-hattrick-04-running-shoes-boys-sports-men-latest-stylish-casual-sneakers-lace-up-lightweight-white-running-walking-gym-trekking-hiking-party-walking/p/itmfdf77a6dc1e99?pid=SHOFZFECDZZHAGHJ&lid=LSTSHOFZFECDZZHAGHJII27YK&marketplace=FLIPKART&srno=s_1_40&otracker=search&fm=organic&iid=en_%2FAVysqfUdoqWwXo1WEj%2F30nxyOelYXR%2BMQWomXTezKxmYR56mjAhvGNeany8Y0qd0yx345HTOBhBH2UFq4SK2g%3D%3D&ssid=w6h9vk2v000000001599115539215&qH=641303cbb4a9b88c
