FUBAR Men Solid Party Mandarin Shirt,₹567,,https://rukminim1.flixcart.com/image/309/371/k7nnrm80/shirt/e/n/u/xl-sksh-bb110-xl-ma-fubar-original-imafpuajnhvkdst3.jpeg?q=50,https://www.flipkart.com/fubar-men-solid-party-maroon-shirt/p/itm558429de5e0be?pid=SHTFB6HCNCZXMG4Y&lid=LSTSHTFB6HCNCZXMG4Y9XFCJT&marketplace=FLIPKART&srno=s_1_1&otracker=search&fm=organic&iid=en_i%2Fq6gmmV3IZc%2Fsas%2Bd%2BFGmtJiG5DXfYzYLW8cEX%2FMyKayMmzGMU2vWZAiORkOtpO7quUtVWTGgx2ZUMJtq27rA%3D%3D&ssid=9kxkgtxdcw0000001599109914412&qH=514ca2b2d46ccf67
FUBAR Men Solid Party Mandarin Shirt,₹549,,https://rukminim1.flixcart.com/image/309/371/k5pn6vk0/shirt/n/s/r/xxl-kcsh-110-bk-fubar-original-imafz9yhbyz7wfhp.jpeg?q=50,https://www.flipkart.com/fubar-men-solid-party-black-shirt/p/itmfbxtfshrx8tau?pid=SHTFBXHAT8HZBYBH&lid=LSTSHTFBXHAT8HZBYBHSVZXAE&marketplace=FLIPKART&srno=s_1_2&otracker=search&fm=organic&iid=en_i%2Fq6gmmV3IZc%2Fsas%2Bd%2BFGmtJiG5DXfYzYLW8cEX%2FMyK3kqjHziQptABGWaoxp1pUwdbJC2GXrREHp7zGtS6vEQ%3D%3D&ssid=9kxkgtxdcw0000001599109914412&qH=514ca2b2d46ccf67
BASE 41 Men Printed Casual Spread Shirt,₹440,,https://rukminim1.flixcart.com/image/309/371/jt8yxe80/shirt/t/t/n/m-arhf-gr-base-41-original-imafen82rhxmpsg8.jpeg?q=50,https://www.flipkart.com/base-41-men-printed-casual-black-grey-shirt/p/itmfeqpq5m4q5tn7?pid=SHTFEN8GX3G3ZAQM&lid=LSTSHTFEN8GX3G3ZAQMTVUJUJ&marketplace=FLIPKART&srno=s_1_3&otracker=search&fm=organic&iid=83ff4322-07bc-429a-9cd5-6ed102325728.SHTFEN8GX3G3ZAQM.SEARCH&ssid=9kxkgtxdcw0000001599109914412&qH=514ca2b2d46ccf67
FUBAR Men Striped Casual Mandarin Shirt,₹566,,https://rukminim1.flixcart.com/image/309/371/jrdt8cw0/shirt/t/h/d/40-skcsh-1106-mao-fubar-original-imafd6vmgygzhvbp.jpeg?q=50,https://www.flipkart.com/fubar-men-striped-casual-maroon-shirt/p/itm2273aa6b645c3?pid=SHTFD6STM98YVN3S&lid=LSTSHTFD6STM98YVN3S9CLSMQ&marketplace=FLIPKART&srno=s_1_4&otracker=search&fm=organic&iid=83ff4322-07bc-429a-9cd5-6ed102325728.SHTFD6STM98YVN3S.SEARCH&ssid=9kxkgtxdcw0000001599109914412&qH=514ca2b2d46ccf67
ASIAN & FITCH Men Checkered Casual Shirt,₹440,,https://rukminim1.flixcart.com/image/309/371/k3ahbww0/shirt/n/p/k/m-anfybcnov19-asian-fitch-original-imafmgkyfgrspzdz.jpeg?q=50,https://www.flipkart.com/asian-fitch-men-checkered-casual-multicolor-shirt/p/itm1c584798ceaba?pid=SHTFMGGYRU8GPNPK&lid=LSTSHTFMGGYRU8GPNPK2I7PPK&marketplace=FLIPKART&srno=s_1_5&otracker=search&fm=organic&iid=83ff4322-07bc-429a-9cd5-6ed102325728.SHTFMGGYRU8GPNPK.SEARCH&ssid=9kxkgtxdcw0000001599109914412&qH=514ca2b2d46ccf67
VERO LIE Men Striped Casual Spread Shirt,₹567,,https://rukminim1.flixcart.com/image/309/371/k0o69ow0/shirt/a/n/3/xl-cm-st101-cobio-man-original-imafkbyrrczdrcgm.jpeg?q=50,https://www.flipkart.com/vero-lie-men-striped-casual-white-blue-shirt/p/itm59e90221096dd?pid=SHTFKBFZPGHTXVR9&lid=LSTSHTFKBFZPGHTXVR9PLW7FV&marketplace=FLIPKART&srno=s_1_6&otracker=search&fm=organic&iid=83ff4322-07bc-429a-9cd5-6ed102325728.SHTFKBFZPGHTXVR9.SEARCH&ssid=9kxkgtxdcw0000001599109914412&qH=514ca2b2d46ccf67
Asian & Fitch Men Checkered Casual Button Down Shirt,₹449,,https://rukminim1.flixcart.com/image/309/371/kchzhjk0/shirt/x/k/y/m-af-mn-inb-tbf-cttn-chk-asian-fitch-original-imaftm9g2atgmufd.jpeg?q=50,https://www.flipkart.com/asian-fitch-men-checkered-casual-multicolor-shirt/p/itmfcpyzcygxvshd?pid=SHTFCZY3NFQCZKZR&lid=LSTSHTFCZY3NFQCZKZRBSF2ZC&marketplace=FLIPKART&srno=s_1_7&otracker=search&fm=organic&iid=83ff4322-07bc-429a-9cd5-6ed102325728.SHTFCZY3NFQCZKZR.SEARCH&ssid=9kxkgtxdcw0000001599109914412&qH=514ca2b2d46ccf67
FUBAR Men Solid Casual Mandarin Shirt,₹548,,https://rukminim1.flixcart.com/image/309/371/kd1zngw0/shirt/z/e/t/xl-sksh-122-nb-fubar-original-imafufjzy4bqzjb2.jpeg?q=50,https://www.flipkart.com/fubar-men-solid-casual-blue-shirt/p/itmfecgrryfjahmf?pid=SHTFECFG6UTHCAX9&lid=LSTSHTFECFG6UTHCAX9NF80SD&marketplace=FLIPKART&srno=s_1_8&otracker=search&fm=organic&iid=83ff4322-07bc-429a-9cd5-6ed102325728.SHTFECFG6UTHCAX9.SEARCH&ssid=9kxkgtxdcw0000001599109914412&qH=514ca2b2d46ccf67
Asian & Fitch Men Checkered Casual Button Down Shirt,₹449,,https://rukminim1.flixcart.com/image/309/371/kchzhjk0/shirt/a/s/h/s-af-mn-brn-tbf-cttn-chk-asian-fitch-original-imaftm9avgvjryhg.jpeg?q=50,https://www.flipkart.com/asian-fitch-men-checkered-casual-multicolor-shirt/p/itmfcpyzftzp4jgs?pid=SHTFCZY4HT5ZH6NV&lid=LSTSHTFCZY4HT5ZH6NV80ANM6&marketplace=FLIPKART&srno=s_1_9&otracker=search&fm=organic&iid=83ff4322-07bc-429a-9cd5-6ed102325728.SHTFCZY4HT5ZH6NV.SEARCH&ssid=9kxkgtxdcw0000001599109914412&qH=514ca2b2d46ccf67
Dennis Lingo Men Solid Casual Slim Shirt,₹549,,https://rukminim1.flixcart.com/image/309/371/jzzvs7k0/shirt/h/a/h/l-c301-dustypink-dennis-lingo-original-imafjvx7b9jguhdv.jpeg?q=50,https://www.flipkart.com/dennis-lingo-men-solid-casual-orange-shirt/p/itmf8t6ez3usv4au?pid=SHTF8SXYEFBG2H5A&lid=LSTSHTF8SXYEFBG2H5A9NJLCV&marketplace=FLIPKART&srno=s_1_10&otracker=search&fm=organic&iid=83ff4322-07bc-429a-9cd5-6ed102325728.SHTF8SXYEFBG2H5A.SEARCH&ssid=9kxkgtxdcw0000001599109914412&qH=514ca2b2d46ccf67
Tap in Men Color Block Casual Shirt,₹395,,https://rukminim1.flixcart.com/image/309/371/jzog9e80/shirt/h/h/q/m-cb-chaina-black-tap-in-original-imafjn5rg8kh68hx.jpeg?q=50,https://www.flipkart.com/tap-men-color-block-casual-multicolor-shirt/p/itmf3bb689c0d2d5?pid=SHTFJNYFCCWHC9BG&lid=LSTSHTFJNYFCCWHC9BGGP2D9E&marketplace=FLIPKART&srno=s_1_11&otracker=search&fm=organic&iid=83ff4322-07bc-429a-9cd5-6ed102325728.SHTFJNYFCCWHC9BG.SEARCH&ssid=9kxkgtxdcw0000001599109914412&qH=514ca2b2d46ccf67
Try This Men Solid Casual Shirt,₹458,,https://rukminim1.flixcart.com/image/309/371/jybvafk0/shirt/z/y/w/l-jk156-try-this-original-imafghg7pyrugr3v.jpeg?q=50,https://www.flipkart.com/try-men-solid-casual-black-shirt/p/itmfbvfgmxnuwqrh?pid=SHTFBTYFMMCZFFET&lid=LSTSHTFBTYFMMCZFFETAWRXIX&marketplace=FLIPKART&srno=s_1_12&otracker=search&fm=organic&iid=83ff4322-07bc-429a-9cd5-6ed102325728.SHTFBTYFMMCZFFET.SEARCH&ssid=9kxkgtxdcw0000001599109914412&qH=514ca2b2d46ccf67
Highlander Men Printed Casual Regular Shirt,₹529,,https://rukminim1.flixcart.com/image/309/371/k70spzk0/shirt/k/9/h/m-hlsh008993-highlander-original-imafpchqecgc3t95.jpeg?q=50,https://www.flipkart.com/highlander-men-printed-casual-white-maroon-shirt/p/itmfdfd7vhjghywq?pid=SHTEMHDDQZ4JGSAY&lid=LSTSHTEMHDDQZ4JGSAY95KPGS&marketplace=FLIPKART&srno=s_1_13&otracker=search&fm=organic&iid=83ff4322-07bc-429a-9cd5-6ed102325728.SHTEMHDDQZ4JGSAY.SEARCH&ssid=9kxkgtxdcw0000001599109914412&qH=514ca2b2d46ccf67
FUBAR Men Solid Party Mandarin Shirt,₹499,,https://rukminim1.flixcart.com/image/309/371/k76ihe80/shirt/t/h/a/m-sksh-110-ltsg-protocol-original-imafpgvaru3z3nfr.jpeg?q=50,https://www.flipkart.com/fubar-men-solid-party-light-green-shirt/p/itm2f71136302697?pid=SHTFB6HUFVRYTJSG&lid=LSTSHTFB6HUFVRYTJSGSWQRV4&marketplace=FLIPKART&srno=s_1_14&otracker=search&fm=organic&iid=en_i%2Fq6gmmV3IZc%2Fsas%2Bd%2BFGmtJiG5DXfYzYLW8cEX%2FMyKwuQ%2FN8wdTmGsy%2BdYD90z8%2FStl3VwmLjcxxKK%2BgfrMcQ%3D%3D&ssid=9kxkgtxdcw0000001599109914412&qH=514ca2b2d46ccf67
Asian & Fitch Men Checkered Casual Shirt,₹445,,https://rukminim1.flixcart.com/image/309/371/kchzhjk0/shirt/r/2/3/l-fthchknew0911-asian-fitch-original-imaftm9g7kgyvz8j.jpeg?q=50,https://www.flipkart.com/asian-fitch-men-checkered-casual-grey-shirt/p/itmcb4409db76727?pid=SHTFZY9R2V78DZG7&lid=LSTSHTFZY9R2V78DZG7YH0MGF&marketplace=FLIPKART&srno=s_1_15&otracker=search&fm=organic&iid=83ff4322-07bc-429a-9cd5-6ed102325728.SHTFZY9R2V78DZG7.SEARCH&ssid=9kxkgtxdcw0000001599109914412&qH=514ca2b2d46ccf67
FabTag - Deeksha Men Solid Formal Slim Shirt,₹379,,https://rukminim1.flixcart.com/image/309/371/jievpu80/shirt/p/q/z/xl-shirt-196-deeksha-original-imaf67nthqazxugu.jpeg?q=50,https://www.flipkart.com/fabtag-deeksha-men-solid-formal-blue-shirt/p/itmf67ntamccgcu2?pid=SHTF67HGFZ2JHPQZ&lid=LSTSHTF67HGFZ2JHPQZBX6DWU&marketplace=FLIPKART&srno=s_1_16&otracker=search&fm=organic&iid=83ff4322-07bc-429a-9cd5-6ed102325728.SHTF67HGFZ2JHPQZ.SEARCH&ssid=9kxkgtxdcw0000001599109914412&qH=514ca2b2d46ccf67
Jai Textiles Men Solid Party Mandarin Shirt,₹400,,https://rukminim1.flixcart.com/image/309/371/k6mibgw0/shirt/e/s/a/m-new-lgreen-1-jai-textiles-original-imafzzmeuphxhpfz.jpeg?q=50,https://www.flipkart.com/jai-textiles-men-solid-party-light-green-shirt/p/itmd560501755dbf?pid=SHTFZZKCGCVYZ7B2&lid=LSTSHTFZZKCGCVYZ7B24CU2DU&marketplace=FLIPKART&srno=s_1_17&otracker=search&fm=organic&iid=83ff4322-07bc-429a-9cd5-6ed102325728.SHTFZZKCGCVYZ7B2.SEARCH&ssid=9kxkgtxdcw0000001599109914412&qH=514ca2b2d46ccf67
Highlander Men Checkered Casual Cut Away Shirt,₹658,,https://rukminim1.flixcart.com/image/309/371/kbb49zk0/shirt/y/n/s/xl-hlsh011854-highlander-original-imafszpbfxkhmvmd.jpeg?q=50,https://www.flipkart.com/highlander-men-checkered-casual-multicolor-shirt/p/itmb328a6c90d1f2?pid=SHTFSZJC8TKVXQZG&lid=LSTSHTFSZJC8TKVXQZGHSQPWJ&marketplace=FLIPKART&srno=s_1_18&otracker=search&fm=organic&iid=83ff4322-07bc-429a-9cd5-6ed102325728.SHTFSZJC8TKVXQZG.SEARCH&ssid=9kxkgtxdcw0000001599109914412&qH=514ca2b2d46ccf67
Jai Textiles Men Solid Casual Spread Shirt,₹398,,https://rukminim1.flixcart.com/image/309/371/k7usyvk0/shirt/t/h/w/xxl-hs-15-jai-textiles-original-imafqy2aznkzmdy3.jpeg?q=50,https://www.flipkart.com/jai-textiles-men-solid-casual-black-shirt/p/itm7adf2f2d39960?pid=SHTFA82Z6GG2UTHW&lid=LSTSHTFA82Z6GG2UTHWVK9768&marketplace=FLIPKART&srno=s_1_19&otracker=search&fm=organic&iid=83ff4322-07bc-429a-9cd5-6ed102325728.SHTFA82Z6GG2UTHW.SEARCH&ssid=9kxkgtxdcw0000001599109914412&qH=514ca2b2d46ccf67
FUBAR Men Solid Party Mandarin Shirt,₹499,,https://rukminim1.flixcart.com/image/309/371/kbgu1e80/shirt/c/s/u/xxl-kcsh-110-wh-fubar-original-imafstb9kzrhvgs2.jpeg?q=50,https://www.flipkart.com/fubar-men-solid-party-white-shirt/p/itmfb75qzamj6zna?pid=SHTFB6HMCRGFPXMM&lid=LSTSHTFB6HMCRGFPXMMVO4WKA&marketplace=FLIPKART&srno=s_1_20&otracker=search&fm=organic&iid=en_i%2Fq6gmmV3IZc%2Fsas%2Bd%2BFGmtJiG5DXfYzYLW8cEX%2FMyJE%2FmuSJuQGaHssKKxqFHfoCTc8SVGvfwQU6D2dGMCUmA%3D%3D&ssid=9kxkgtxdcw0000001599109914412&qH=514ca2b2d46ccf67
Rope Men Striped Casual Spread Shirt,₹511,,https://rukminim1.flixcart.com/image/309/371/k1cgr680/shirt/g/y/b/s-rs19stpw08-sb-rope-original-imafkx2tfrzuycg3.jpeg?q=50,https://www.flipkart.com/rope-men-striped-casual-white-blue-shirt/p/itm8647d426d10b8?pid=SHTFKWU8RRHDQVS3&lid=LSTSHTFKWU8RRHDQVS3ZVT5CW&marketplace=FLIPKART&srno=s_1_21&otracker=search&fm=organic&iid=83ff4322-07bc-429a-9cd5-6ed102325728.SHTFKWU8RRHDQVS3.SEARCH&ssid=9kxkgtxdcw0000001599109914412&qH=514ca2b2d46ccf67
Dennis Lingo Men Solid Casual Mandarin Shirt,₹549,,https://rukminim1.flixcart.com/image/309/371/kdj4xow0-0/shirt/s/v/v/m-cc201-dustypink-dennis-lingo-original-imafueutmgyvtfdr.jpeg?q=50,https://www.flipkart.com/dennis-lingo-men-solid-casual-pink-shirt/p/itmfenycshgskpxt?pid=SHTF8SXYHGRP8EUG&lid=LSTSHTF8SXYHGRP8EUGOQM7BP&marketplace=FLIPKART&srno=s_1_22&otracker=search&fm=organic&iid=83ff4322-07bc-429a-9cd5-6ed102325728.SHTF8SXYHGRP8EUG.SEARCH&ssid=9kxkgtxdcw0000001599109914412&qH=514ca2b2d46ccf67
Jolly Creation Men Printed Casual Spread Shirt,₹499,,https://rukminim1.flixcart.com/image/309/371/k6l2vm80/shirt/u/j/f/xl-373-jolly-creation-original-imafpyqjzyzd63zg.jpeg?q=50,https://www.flipkart.com/jolly-creation-men-printed-casual-dark-green-red-white-shirt/p/itm22989da306fdb?pid=SHTFPYHBJQSGTYWA&lid=LSTSHTFPYHBJQSGTYWAF0ZCMV&marketplace=FLIPKART&srno=s_1_23&otracker=search&fm=organic&iid=83ff4322-07bc-429a-9cd5-6ed102325728.SHTFPYHBJQSGTYWA.SEARCH&ssid=9kxkgtxdcw0000001599109914412&qH=514ca2b2d46ccf67
FUBAR Men Solid Party Mandarin Shirt,₹499,,https://rukminim1.flixcart.com/image/309/371/kabe9ow0/shirt/b/q/f/l-kcsh-110-dbl2-fubar-original-imafrwpanmgbjfwk.jpeg?q=50,https://www.flipkart.com/fubar-men-solid-party-dark-blue-shirt/p/itmff9j8urmgf4mg?pid=SHTFB6HGEN6BBTXD&lid=LSTSHTFB6HGEN6BBTXDSUBGGJ&marketplace=FLIPKART&srno=s_1_24&otracker=search&fm=organic&iid=en_i%2Fq6gmmV3IZc%2Fsas%2Bd%2BFGmtJiG5DXfYzYLW8cEX%2FMyJhzCTofy0gJwoeqte4UMVyHZ9ikcPUxnB6LePbR1k%2Fkw%3D%3D&ssid=9kxkgtxdcw0000001599109914412&qH=514ca2b2d46ccf67
Try This Men Solid Casual Shirt,₹459,,https://rukminim1.flixcart.com/image/309/371/jybvafk0/shirt/z/y/w/l-jk156-try-this-original-imafghg7pyrugr3v.jpeg?q=50,https://www.flipkart.com/try-men-solid-casual-black-shirt/p/itmfbrxhcrzwukfb?pid=SHTFBQTF49GGHP5F&lid=LSTSHTFBQTF49GGHP5FGRNAVN&marketplace=FLIPKART&srno=s_1_25&otracker=search&fm=organic&iid=83ff4322-07bc-429a-9cd5-6ed102325728.SHTFBQTF49GGHP5F.SEARCH&ssid=9kxkgtxdcw0000001599109914412&qH=514ca2b2d46ccf67
Try This Men Color Block Casual Spread Shirt,₹399,,https://rukminim1.flixcart.com/image/309/371/jz05rww0/shirt/7/m/s/s-marroon-sst-try-this-original-imafghg2xpkgbhtv.jpeg?q=50,https://www.flipkart.com/try-men-color-block-casual-dark-blue-red-shirt/p/itm82177314e5138?pid=SHTFGSUPYZSAHZWG&lid=LSTSHTFGSUPYZSAHZWG94JR0N&marketplace=FLIPKART&srno=s_1_26&otracker=search&fm=organic&iid=83ff4322-07bc-429a-9cd5-6ed102325728.SHTFGSUPYZSAHZWG.SEARCH&ssid=9kxkgtxdcw0000001599109914412&qH=514ca2b2d46ccf67
Dennis Lingo Men Solid Casual Mandarin Shirt,₹549,,https://rukminim1.flixcart.com/image/309/371/jur9nrk0/shirt/k/g/y/s-cc201-skyblue-dennis-lingo-original-imaffhsyqsrmp2vh.jpeg?q=50,https://www.flipkart.com/dennis-lingo-men-solid-casual-light-blue-shirt/p/itmfenyzegh5btcg?pid=SHTEX2H9KYGE5KGY&lid=LSTSHTEX2H9KYGE5KGYORRNTF&marketplace=FLIPKART&srno=s_1_27&otracker=search&fm=organic&iid=83ff4322-07bc-429a-9cd5-6ed102325728.SHTEX2H9KYGE5KGY.SEARCH&ssid=9kxkgtxdcw0000001599109914412&qH=514ca2b2d46ccf67
Dennis Lingo Men Solid Casual Slim Shirt,₹549,,https://rukminim1.flixcart.com/image/309/371/kdj4xow0-0/shirt/h/5/p/xxl-c301-white-dennis-lingo-original-imaff64hfadhsgfa.jpeg?q=50,https://www.flipkart.com/dennis-lingo-men-solid-casual-white-shirt/p/itmf3x7ehs3gqckp?pid=SHTESTUXHKK26PXX&lid=LSTSHTESTUXHKK26PXXAXDXZK&marketplace=FLIPKART&srno=s_1_28&otracker=search&fm=organic&iid=83ff4322-07bc-429a-9cd5-6ed102325728.SHTESTUXHKK26PXX.SEARCH&ssid=9kxkgtxdcw0000001599109914412&qH=514ca2b2d46ccf67
COBIO MAN Men Striped Casual Spread Shirt,₹568,,https://rukminim1.flixcart.com/image/309/371/k0o69ow0/shirt/a/n/3/xl-cm-st101-cobio-man-original-imafkbyr9nj6thhh.jpeg?q=50,https://www.flipkart.com/cobio-man-men-striped-casual-white-shirt/p/itmbdbdae787dc49?pid=SHTFKBFDFSUNUAN3&lid=LSTSHTFKBFDFSUNUAN3SNFWOD&marketplace=FLIPKART&srno=s_1_29&otracker=search&fm=organic&iid=83ff4322-07bc-429a-9cd5-6ed102325728.SHTFKBFDFSUNUAN3.SEARCH&ssid=9kxkgtxdcw0000001599109914412&qH=514ca2b2d46ccf67
FUBAR Men Solid Party Mandarin Shirt,₹549,,https://rukminim1.flixcart.com/image/309/371/k5txifk0/shirt/k/b/q/xl-kcsh-110-meh-fubar-original-imafzfhxyn92txkh.jpeg?q=50,https://www.flipkart.com/fubar-men-solid-party-dark-green-shirt/p/itm3e5973a27d2a0?pid=SHTFEZMVEBGV7BCF&lid=LSTSHTFEZMVEBGV7BCFTCTBYS&marketplace=FLIPKART&srno=s_1_30&otracker=search&fm=organic&iid=en_i%2Fq6gmmV3IZc%2Fsas%2Bd%2BFGmtJiG5DXfYzYLW8cEX%2FMyJBlCG4PfPMb11%2BFxk0vyTuXWqlQsP%2FHGuimba9UWsYAw%3D%3D&ssid=9kxkgtxdcw0000001599109914412&qH=514ca2b2d46ccf67
n t fashion Men Solid Casual Cut Away Shirt,₹599,,https://rukminim1.flixcart.com/image/309/371/jd7p18w0/shirt/z/2/h/xl-sandy-brown-n-t-fashion-original-imaffyaajs5zydbw.jpeg?q=50,https://www.flipkart.com/n-t-fashion-men-solid-casual-gold-shirt/p/itmf3x95yeskmnjh?pid=SHTF26GU7AUDDZ2H&lid=LSTSHTF26GU7AUDDZ2HIUZKNH&marketplace=FLIPKART&srno=s_1_31&otracker=search&fm=organic&iid=83ff4322-07bc-429a-9cd5-6ed102325728.SHTF26GU7AUDDZ2H.SEARCH&ssid=9kxkgtxdcw0000001599109914412&qH=514ca2b2d46ccf67
Ojass Men Solid Casual Spread Shirt,₹635,,https://rukminim1.flixcart.com/image/309/371/jyj0how0/shirt/g/5/z/xl-oshdnf-bl-ojass-original-imaf9pnwdpwf2eg2.jpeg?q=50,https://www.flipkart.com/ojass-men-solid-casual-dark-blue-shirt/p/itmf9psvpbfrbwqx?pid=SHTF9PQWBYRYYCMH&lid=LSTSHTF9PQWBYRYYCMH55VFBD&marketplace=FLIPKART&srno=s_1_32&otracker=search&fm=organic&iid=83ff4322-07bc-429a-9cd5-6ed102325728.SHTF9PQWBYRYYCMH.SEARCH&ssid=9kxkgtxdcw0000001599109914412&qH=514ca2b2d46ccf67
5th Anfold Men Solid Formal Slim Shirt,₹549,,https://rukminim1.flixcart.com/image/309/371/jmdrr0w0/shirt/d/p/8/3xl-fo-shrt-499-wht-5th-anfold-original-imaf9ajwdfp3qdwg.jpeg?q=50,https://www.flipkart.com/5th-anfold-men-solid-formal-white-shirt/p/itmf3x8ugckugdre?pid=SHTEYDDQGHHQZ3BZ&lid=LSTSHTEYDDQGHHQZ3BZ3QNRIJ&marketplace=FLIPKART&srno=s_1_33&otracker=search&fm=organic&iid=83ff4322-07bc-429a-9cd5-6ed102325728.SHTEYDDQGHHQZ3BZ.SEARCH&ssid=9kxkgtxdcw0000001599109914412&qH=514ca2b2d46ccf67
Red Chief Men Checkered Casual Cut Away Shirt,"₹1,169",,https://rukminim1.flixcart.com/image/309/371/k8et4sw0/shirt/z/w/4/xl-8110547-g00410-red-chief-original-imafqfq3ggr4xgvd.jpeg?q=50,https://www.flipkart.com/red-chief-men-checkered-casual-multicolor-shirt/p/itmcd42eed3eafda?pid=SHTFQFZW4WHYKUDC&lid=LSTSHTFQFZW4WHYKUDCLMZAFB&marketplace=FLIPKART&srno=s_1_34&otracker=search&fm=organic&iid=en_i%2Fq6gmmV3IZc%2Fsas%2Bd%2BFGmtJiG5DXfYzYLW8cEX%2FMyLCwbKZpORF7rN%2FYKzbFBeKYDBCC2fISiLbThfIfacm5A%3D%3D&ssid=9kxkgtxdcw0000001599109914412&qH=514ca2b2d46ccf67
FUBAR Men Solid Party Mandarin Shirt,₹499,,https://rukminim1.flixcart.com/image/309/371/k8t3jbk0/shirt/h/a/n/39-shkc-top110-l-pu-fubar-original-imafqqznyyu3vuu5.jpeg?q=50,https://www.flipkart.com/fubar-men-solid-party-purple-shirt/p/itm436e9b524fbff?pid=SHTFB6MBZSYBDHW2&lid=LSTSHTFB6MBZSYBDHW28F0WUL&marketplace=FLIPKART&srno=s_1_35&otracker=search&fm=organic&iid=83ff4322-07bc-429a-9cd5-6ed102325728.SHTFB6MBZSYBDHW2.SEARCH&ssid=9kxkgtxdcw0000001599109914412&qH=514ca2b2d46ccf67
U TURN Men Solid Casual Mandarin Shirt,₹398,,https://rukminim1.flixcart.com/image/309/371/jmkwya80/shirt/b/v/p/l-lup-d-u-turn-original-imaf7szrp8cfgzqv.jpeg?q=50,https://www.flipkart.com/u-turn-men-solid-casual-red-shirt/p/itmf8bgsg6utndwg?pid=SHTF8BAKV4DM5BVP&lid=LSTSHTF8BAKV4DM5BVPZCD31J&marketplace=FLIPKART&srno=s_1_36&otracker=search&fm=organic&iid=83ff4322-07bc-429a-9cd5-6ed102325728.SHTF8BAKV4DM5BVP.SEARCH&ssid=9kxkgtxdcw0000001599109914412&qH=514ca2b2d46ccf67
Asian & Fitch Men Checkered Casual Shirt,₹445,,https://rukminim1.flixcart.com/image/309/371/kchzhjk0/shirt/q/b/u/s-fthchknew0908-asian-fitch-original-imaftm9gkzgfhk3d.jpeg?q=50,https://www.flipkart.com/asian-fitch-men-checkered-casual-red-shirt/p/itm1c2c135fc47b0?pid=SHTFJZ69DXHCYAR9&lid=LSTSHTFJZ69DXHCYAR9JWSIRD&marketplace=FLIPKART&srno=s_1_37&otracker=search&fm=organic&iid=83ff4322-07bc-429a-9cd5-6ed102325728.SHTFJZ69DXHCYAR9.SEARCH&ssid=9kxkgtxdcw0000001599109914412&qH=514ca2b2d46ccf67
Asian & Fitch Men Checkered Casual Button Down Shirt,₹449,,https://rukminim1.flixcart.com/image/309/371/kchzhjk0/shirt/d/v/d/s-af-mn-grn-tbf-cttn-chk-asian-fitch-original-imaftm9g9bjjvzk3.jpeg?q=50,https://www.flipkart.com/asian-fitch-men-checkered-casual-multicolor-shirt/p/itmfcpyzs5sxgcg9?pid=SHTFCZY3YHHMKM7A&lid=LSTSHTFCZY3YHHMKM7AEHVPIK&marketplace=FLIPKART&srno=s_1_38&otracker=search&fm=organic&iid=83ff4322-07bc-429a-9cd5-6ed102325728.SHTFCZY3YHHMKM7A.SEARCH&ssid=9kxkgtxdcw0000001599109914412&qH=514ca2b2d46ccf67
MR.KAMEEJ Men Striped Casual Spread Shirt,₹569,,https://rukminim1.flixcart.com/image/309/371/k5fn3ww0/shirt/t/g/g/s-striped-shirts-mr-kameej-original-imafz4ga7c7bmrr8.jpeg?q=50,https://www.flipkart.com/mr-kameej-men-striped-casual-yellow-shirt/p/itmeda3b2b18c782?pid=SHTFZ46H3TEDZTGG&lid=LSTSHTFZ46H3TEDZTGGHMDEVU&marketplace=FLIPKART&srno=s_1_39&otracker=search&fm=organic&iid=83ff4322-07bc-429a-9cd5-6ed102325728.SHTFZ46H3TEDZTGG.SEARCH&ssid=9kxkgtxdcw0000001599109914412&qH=514ca2b2d46ccf67
FUBAR Men Solid Party Mandarin Shirt,₹499,,https://rukminim1.flixcart.com/image/309/371/kb89ea80/shirt/r/p/e/xxl-sksh-logo-navy-blue-fubar-original-imafsm9hsxj9h5un.jpeg?q=50,https://www.flipkart.com/fubar-men-solid-party-blue-shirt/p/itm6b32c45b1f8a1?pid=SHTFB6MHG2ZZHT3D&lid=LSTSHTFB6MHG2ZZHT3D19RSHC&marketplace=FLIPKART&srno=s_1_40&otracker=search&fm=organic&iid=en_i%2Fq6gmmV3IZc%2Fsas%2Bd%2BFGmtJiG5DXfYzYLW8cEX%2FMyJJMrekkOfXMPX7i24SXyFbYt2MChrGmuYGPN5WQjtCrQ%3D%3D&ssid=9kxkgtxdcw0000001599109914412&qH=514ca2b2d46ccf67
