Nike Revolution 5 Running Shoes For Men,"₹2,808",,https://rukminim1.flixcart.com/image/309/371/k6fd47k0/shoe/n/z/k/bq3204-006-11-nike-platinum-tint-white-pink-blast-original-imafzvwpmn8swpag.jpeg?q=50,https://www.flipkart.com/nike-revolution-5-running-shoes-men/p/itmc285ab70c04c2?pid=SHOFMJKSQASGMGHG&lid=LSTSHOFMJKSQASGMGHGI3GDG9&marketplace=FLIPKART&otracker=search&fm=organic&iid=2583e2bd-7a2c-4a10-9216-ae8be1fca7a5.SHOFMJKSQASGMGHG.SEARCH&ssid=mqht4qpof40000001599207972615&qH=2d7d99166bc4a50f
Nike Running Shoes For Men,"₹2,808",,https://rukminim1.flixcart.com/image/309/371/ke8uv0w0-0/shoe/o/i/e/bq3204-402-7-nike-obsidian-mist-laser-crimson-original-imafuyy2ywtfs3ry.jpeg?q=50,https://www.flipkart.com/nike-running-shoes-men/p/itmde76873d6c709?pid=SHOFZSPAR7NUYPC7&lid=LSTSHOFZSPAR7NUYPC7P2JYDM&marketplace=FLIPKART&otracker=search&fm=organic&iid=2583e2bd-7a2c-4a10-9216-ae8be1fca7a5.SHOFZSPAR7NUYPC7.SEARCH&ssid=mqht4qpof40000001599207972615&qH=2d7d99166bc4a50f
Nike Downshifter 10 Running Shoes For Men,"₹3,036",,https://rukminim1.flixcart.com/image/309/371/kd3f3bk0/shoe/v/4/x/ci9981-004-nike-black-white-anthracite-original-imafu3298fgmyxeg.jpeg?q=50,https://www.flipkart.com/nike-downshifter-10-running-shoes-men/p/itmc35d72e1ff834?pid=SHOFZSPBAPYR8CGG&lid=LSTSHOFZSPBAPYR8CGGFORUUN&marketplace=FLIPKART&otracker=search&iid=2583e2bd-7a2c-4a10-9216-ae8be1fca7a5.SHOFZSPBAPYR8CGG.SEARCH&ppt=sp&ppn=sp&ssid=tv4adfnjcw0000001599207974364&qH=2d7d99166bc4a50f
Nike Jr Vapor 12 Club Gs Fg/Mg Football Shoes For Men,"₹1,847",,https://rukminim1.flixcart.com/image/309/371/jz1l7rk0/shoe/d/e/y/7487574-34-nike-fluorescent-green-original-imafj5m32s2cxsbg.jpeg?q=50,https://www.flipkart.com/nike-jr-vapor-12-club-gs-fg-mg-football-shoes-men/p/itm7e2f29c4b2861?pid=SHOFJ55T6AXATHGV&lid=LSTSHOFJ55T6AXATHGVIECE4R&marketplace=FLIPKART&otracker=search&iid=en_Gdh6KOeCFu0Yl2QFrhIE20oKR6vbU5r5JKW2bU7k0FrikxvXZxBhhJcmvE574rdY%2FYUwAhzEiuaOJNUGHg6H6A%3D%3D&ppt=sp&ppn=sp&ssid=tv4adfnjcw0000001599207974364&qH=2d7d99166bc4a50f
Nike Precision Iii Basketball Shoe For Men,"₹4,011",,https://rukminim1.flixcart.com/image/309/371/jwfa5jk0/shoe/m/c/d/aq7495-100-10-nike-white-black-original-imafh4axb45dcfd4.jpeg?q=50,https://www.flipkart.com/nike-precision-iii-basketball-shoe-men/p/itmffhqgjhgvftap?pid=SHOFFHQSHRMNJEWE&lid=LSTSHOFFHQSHRMNJEWERNHBYK&marketplace=FLIPKART&otracker=search&fm=organic&iid=2583e2bd-7a2c-4a10-9216-ae8be1fca7a5.SHOFFHQSHRMNJEWE.SEARCH&ssid=mqht4qpof40000001599207972615&qH=2d7d99166bc4a50f
Nike Revolution 5 Running Shoes For Men,"₹2,808",,https://rukminim1.flixcart.com/image/309/371/k6i7zww0/shoe/z/z/c/bq3204-103-9-nike-white-white-original-imafzyyfkudtpvzd.jpeg?q=50,https://www.flipkart.com/nike-revolution-5-running-shoes-men/p/itm2b768a1ffde67?pid=SHOFMJKS2DMHUZZC&lid=LSTSHOFMJKS2DMHUZZCIRBDTF&marketplace=FLIPKART&otracker=search&fm=organic&iid=2583e2bd-7a2c-4a10-9216-ae8be1fca7a5.SHOFMJKS2DMHUZZC.SEARCH&ssid=mqht4qpof40000001599207972615&qH=2d7d99166bc4a50f
Nike Downshifter 9 Running Shoes For Men,"₹3,036",,https://rukminim1.flixcart.com/image/309/371/k6i7zww0/shoe/z/d/q/aq7481-013-8-nike-smoke-grey-photon-dust-dk-smoke-grey-original-imafzyyenymrufyq.jpeg?q=50,https://www.flipkart.com/nike-downshifter-9-running-shoes-men/p/itm1b0839f4798ab?pid=SHOFMJKSYFF8JZDQ&lid=LSTSHOFMJKSYFF8JZDQZWGWAK&marketplace=FLIPKART&otracker=search&fm=organic&iid=2583e2bd-7a2c-4a10-9216-ae8be1fca7a5.SHOFMJKSYFF8JZDQ.SEARCH&ssid=mqht4qpof40000001599207972615&qH=2d7d99166bc4a50f
Nike Court Royale Ac Slp Slip On Sneakers For Men,"₹2,247",,https://rukminim1.flixcart.com/image/309/371/k0lbdzk0/shoe/b/h/x/9082543-41-nike-beige-original-imafkbpbchxtatsh.jpeg?q=50,https://www.flipkart.com/nike-court-royale-ac-slp-slip-sneakers-men/p/itm7bc5d6fb4288a?pid=SHOFK9GFVHYGPFZX&lid=LSTSHOFK9GFVHYGPFZX9CI1GA&marketplace=FLIPKART&otracker=search&fm=organic&iid=en_Gdh6KOeCFu0Yl2QFrhIE20oKR6vbU5r5JKW2bU7k0FoKnbGPKuVLrc%2BfPFhrAgErbTYQfIH4uO1yhctPf%2B8JFw%3D%3D&ssid=mqht4qpof40000001599207972615&qH=2d7d99166bc4a50f
Nike Air Versitile IV Walking Shoes For Men,"₹4,376",,https://rukminim1.flixcart.com/image/309/371/kawtvgw0/shoe/7/6/h/at1199-004-13-nike-photon-dust-black-university-red-original-imafsd9yampa36wc.jpeg?q=50,https://www.flipkart.com/nike-air-versitile-iv-walking-shoes-men/p/itmd01e17c5ced9e?pid=SHOFMJKSTFHQG76H&lid=LSTSHOFMJKSTFHQG76HUJ324W&marketplace=FLIPKART&otracker=search&fm=organic&iid=2583e2bd-7a2c-4a10-9216-ae8be1fca7a5.SHOFMJKSTFHQG76H.SEARCH&ssid=mqht4qpof40000001599207972615&qH=2d7d99166bc4a50f
Nike Running Shoes For Men,"₹2,989",,https://rukminim1.flixcart.com/image/309/371/kd3f3bk0/shoe/t/g/p/ci9981-001-nike-pure-platinum-white-hyper-royal-original-imafu3fb42sendnk.jpeg?q=50,https://www.flipkart.com/nike-running-shoes-men/p/itm7f6f8c4c58a50?pid=SHOFZSPAGGCTRVPC&lid=LSTSHOFZSPAGGCTRVPCXZ4IGH&marketplace=FLIPKART&otracker=search&fm=organic&iid=2583e2bd-7a2c-4a10-9216-ae8be1fca7a5.SHOFZSPAGGCTRVPC.SEARCH&ssid=mqht4qpof40000001599207972615&qH=2d7d99166bc4a50f
Nike Fly.By Mid Basketball Shoes For Men,"₹3,371",,https://rukminim1.flixcart.com/image/309/371/k6fd47k0/shoe/p/j/x/cd0189-002-11-nike-black-university-red-photon-dust-original-imafzvwngtzh7rqg.jpeg?q=50,https://www.flipkart.com/nike-fly-by-mid-basketball-shoes-men/p/itm8deaf9b88e607?pid=SHOFMJKSMZUAGJFA&lid=LSTSHOFMJKSMZUAGJFAJTES3O&marketplace=FLIPKART&otracker=search&fm=organic&iid=2583e2bd-7a2c-4a10-9216-ae8be1fca7a5.SHOFMJKSMZUAGJFA.SEARCH&ssid=mqht4qpof40000001599207972615&qH=2d7d99166bc4a50f
Nike Fly.By Mid Basketball Shoes For Men,"₹3,371",,https://rukminim1.flixcart.com/image/309/371/k6i7zww0/shoe/y/e/e/cd0189-001-9-nike-black-white-dk-smoke-grey-original-imafzy8fagh4rztm.jpeg?q=50,https://www.flipkart.com/nike-fly-by-mid-basketball-shoes-men/p/itmbf0434016afab?pid=SHOFMJKSWSFWXUKR&lid=LSTSHOFMJKSWSFWXUKRREOU9J&marketplace=FLIPKART&otracker=search&fm=organic&iid=2583e2bd-7a2c-4a10-9216-ae8be1fca7a5.SHOFMJKSWSFWXUKR.SEARCH&ssid=mqht4qpof40000001599207972615&qH=2d7d99166bc4a50f
Nike TODOS Running Shoe For Men,"₹3,036",,https://rukminim1.flixcart.com/image/309/371/k3xcdjk0pkrrdj/shoe/y/z/p/9-todos-nike-shofenfkwgk6ckht-original-imafjjr4ggpsa4z2.jpeg?q=50,https://www.flipkart.com/nike-todos-running-shoe-men/p/itmfenfha539njuh?pid=SHOFG2HSCNMKFJMZ&lid=LSTSHOFG2HSCNMKFJMZOBAH1E&marketplace=FLIPKART&otracker=search&fm=organic&iid=2583e2bd-7a2c-4a10-9216-ae8be1fca7a5.SHOFG2HSCNMKFJMZ.SEARCH&ssid=mqht4qpof40000001599207972615&qH=2d7d99166bc4a50f
Nike Revolution 5 Running Shoes For Men,"₹2,808",,https://rukminim1.flixcart.com/image/309/371/kddf6a80/shoe/i/r/e/bq3204-010-nike-black-grey-fog-volt-white-original-imafu9yhhgwdmazz.jpeg?q=50,https://www.flipkart.com/nike-revolution-5-running-shoes-men/p/itm05e3b166ebc75?pid=SHOFZSPAJJMPGVZX&lid=LSTSHOFZSPAJJMPGVZX4KYQNR&marketplace=FLIPKART&otracker=search&fm=organic&iid=2583e2bd-7a2c-4a10-9216-ae8be1fca7a5.SHOFZSPAJJMPGVZX.SEARCH&ssid=mqht4qpof40000001599207972615&qH=2d7d99166bc4a50f
Nike Court Royale AC Sneakers For Men,"₹2,407",,https://rukminim1.flixcart.com/image/309/371/k3xcdjk0pkrrdj/shoe/x/s/s/10-court-royale-ac-nike-shofc7jfszarbxq8-original-imafgaz5h7tgmnfr.jpeg?q=50,https://www.flipkart.com/nike-court-royale-ac-sneakers-men/p/itmfc7jfk3csq3fn?pid=SHOFC7JFDWA8TEYY&lid=LSTSHOFC7JFDWA8TEYYYFUTWJ&marketplace=FLIPKART&otracker=search&fm=organic&iid=2583e2bd-7a2c-4a10-9216-ae8be1fca7a5.SHOFC7JFDWA8TEYY.SEARCH&ssid=mqht4qpof40000001599207972615&qH=2d7d99166bc4a50f
Nike Revolution 5 Running Shoes For Men,"₹2,808",,https://rukminim1.flixcart.com/image/309/371/k1i6ikw0/shoe/r/m/g/bq3204-002-7-nike-black-white-anthracite-original-imafh2hv38ygyyfy.jpeg?q=50,https://www.flipkart.com/nike-revolution-5-running-shoes-men/p/itm11637de31a718?pid=SHOFK455XMBK3PYE&lid=LSTSHOFK455XMBK3PYER3OTAW&marketplace=FLIPKART&otracker=search&fm=organic&iid=2583e2bd-7a2c-4a10-9216-ae8be1fca7a5.SHOFK455XMBK3PYE.SEARCH&ssid=mqht4qpof40000001599207972615&qH=2d7d99166bc4a50f
Nike Viale Walking Shoes For Men,"₹3,865",,https://rukminim1.flixcart.com/image/309/371/k6i7zww0/shoe/5/v/c/aa2181-003-10-nike-wolf-grey-black-cool-grey-original-imafzyyf5nrvmuh9.jpeg?q=50,https://www.flipkart.com/nike-viale-walking-shoes-men/p/itmf294f0e2035fc?pid=SHOFMJKSVGBKTPWP&lid=LSTSHOFMJKSVGBKTPWPTZZN2R&marketplace=FLIPKART&otracker=search&fm=organic&iid=2583e2bd-7a2c-4a10-9216-ae8be1fca7a5.SHOFMJKSVGBKTPWP.SEARCH&ssid=mqht4qpof40000001599207972615&qH=2d7d99166bc4a50f
Nike FLY.BY LOW II Basketball Shoes For Men,"₹2,871",,https://rukminim1.flixcart.com/image/309/371/kcjexe80/shoe/k/g/t/aj5902-005-nike-anthracite-black-canteen-original-imaftn3e2zr8qccc.jpeg?q=50,https://www.flipkart.com/nike-fly-by-low-ii-basketball-shoes-men/p/itm6ab5b3ba06cf3?pid=SHOFK455VPYGPERN&lid=LSTSHOFK455VPYGPERNAAR5EG&marketplace=FLIPKART&otracker=search&fm=organic&iid=2583e2bd-7a2c-4a10-9216-ae8be1fca7a5.SHOFK455VPYGPERN.SEARCH&ssid=mqht4qpof40000001599207972615&qH=2d7d99166bc4a50f
Nike Air Max Impact Basketball Shoes For Men,"₹5,836",,https://rukminim1.flixcart.com/image/309/371/k6l2vm80/shoe/g/g/z/ci1396-004-8-nike-black-black-white-original-imafpymgvgezy5gz.jpeg?q=50,https://www.flipkart.com/nike-air-max-impact-basketball-shoes-men/p/itm34383004ee5d3?pid=SHOFMJKSG9BKSFGN&lid=LSTSHOFMJKSG9BKSFGNCPAVEN&marketplace=FLIPKART&spotlightTagId=TrendingId_osp&otracker=search&fm=organic&iid=2583e2bd-7a2c-4a10-9216-ae8be1fca7a5.SHOFMJKSG9BKSFGN.SEARCH&ssid=mqht4qpof40000001599207972615&qH=2d7d99166bc4a50f
Nike Fly.By Mid Basketball Shoes For Men,"₹3,371",,https://rukminim1.flixcart.com/image/309/371/k6i7zww0/shoe/f/r/q/cd0189-003-10-nike-lt-smoke-grey-gum-light-brown-original-imafzyygxkfj39je.jpeg?q=50,https://www.flipkart.com/nike-fly-by-mid-basketball-shoes-men/p/itm9212f4b7a8f84?pid=SHOFMJKSBEBBYDFG&lid=LSTSHOFMJKSBEBBYDFGY35XCK&marketplace=FLIPKART&otracker=search&fm=organic&iid=2583e2bd-7a2c-4a10-9216-ae8be1fca7a5.SHOFMJKSBEBBYDFG.SEARCH&ssid=mqht4qpof40000001599207972615&qH=2d7d99166bc4a50f
Nike Viale Training & Gym Shoes For Men,"₹3,865",,https://rukminim1.flixcart.com/image/309/371/juk4gi80/shoe/y/b/3/aa2181-002-13-nike-black-white-original-imaffz5szmpzzn4x.jpeg?q=50,https://www.flipkart.com/nike-viale-training-gym-shoes-men/p/itmfafhshgr7jscd?pid=SHOFAFHSGR6WJYB3&lid=LSTSHOFAFHSGR6WJYB3CLWAJK&marketplace=FLIPKART&otracker=search&fm=organic&iid=2583e2bd-7a2c-4a10-9216-ae8be1fca7a5.SHOFAFHSGR6WJYB3.SEARCH&ssid=mqht4qpof40000001599207972615&qH=2d7d99166bc4a50f
Nike DOMAIN 2 Cricket Shoes For Men,"₹4,741",,https://rukminim1.flixcart.com/image/309/371/jyxaw7k0/shoe/j/e/e/844125-100-7-nike-white-hyper-blue-binary-blue-hyper-blue-original-imafj23sbhzh5aeq.jpeg?q=50,https://www.flipkart.com/nike-domain-2-cricket-shoes-men/p/itmfg72y9ae4gzph?pid=SHOFG2HSAGAHDXF7&lid=LSTSHOFG2HSAGAHDXF7AQTBOF&marketplace=FLIPKART&otracker=search&fm=organic&iid=2583e2bd-7a2c-4a10-9216-ae8be1fca7a5.SHOFG2HSAGAHDXF7.SEARCH&ssid=mqht4qpof40000001599207972615&qH=2d7d99166bc4a50f
Nike POTENTIAL 3 Cricket Shoes For Men,"₹3,371",,https://rukminim1.flixcart.com/image/309/371/k0flmkw0/shoe/6/n/g/844127-100-7-nike-white-binary-blue-hyper-blue-italy-blue-original-imafk75hwzaqvd4x.jpeg?q=50,https://www.flipkart.com/nike-potential-3-cricket-shoes-men/p/itmfg739f6kqm2zs?pid=SHOFG2HSGEKNWHSJ&lid=LSTSHOFG2HSGEKNWHSJNHUDTZ&marketplace=FLIPKART&otracker=search&fm=organic&iid=2583e2bd-7a2c-4a10-9216-ae8be1fca7a5.SHOFG2HSGEKNWHSJ.SEARCH&ssid=mqht4qpof40000001599207972615&qH=2d7d99166bc4a50f
Nike Runallday Running Shoes For Men,"₹2,407",,https://rukminim1.flixcart.com/image/309/371/k6mibgw0/shoe/u/v/2/4330908-41-nike-black-original-imafpferdrygemuc.jpeg?q=50,https://www.flipkart.com/nike-runallday-running-shoes-men/p/itmf99z3dgmgyyua?pid=SHOFG87HZJ9FUYPQ&lid=LSTSHOFG87HZJ9FUYPQVYKCSA&marketplace=FLIPKART&otracker=search&fm=organic&iid=2583e2bd-7a2c-4a10-9216-ae8be1fca7a5.SHOFG87HZJ9FUYPQ.SEARCH&ssid=mqht4qpof40000001599207972615&qH=2d7d99166bc4a50f
Nike Run Swift Running Shoes For Men,"₹4,669",,https://rukminim1.flixcart.com/image/309/371/jyoq93k0/shoe/u/b/a/908989-017-13-nike-gunsmoke-black-white-original-imafgv4zegafc8dj.jpeg?q=50,https://www.flipkart.com/nike-run-swift-running-shoes-men/p/itmfg73dt5kyzcfr?pid=SHOFG2HSMT4HFUGV&lid=LSTSHOFG2HSMT4HFUGVSQ5O4X&marketplace=FLIPKART&otracker=search&fm=organic&iid=2583e2bd-7a2c-4a10-9216-ae8be1fca7a5.SHOFG2HSMT4HFUGV.SEARCH&ssid=mqht4qpof40000001599207972615&qH=2d7d99166bc4a50f
Nike Flex Experience Run 9 Running Shoes For Men,"₹3,696",,https://rukminim1.flixcart.com/image/309/371/kddf6a80/shoe/6/i/j/cd0225-402-nike-obsidian-mist-bright-crimson-original-imafu9yhq3jgmyay.jpeg?q=50,https://www.flipkart.com/nike-flex-experience-run-9-running-shoes-men/p/itm1353b76d73613?pid=SHOFZSPACF2GSSGP&lid=LSTSHOFZSPACF2GSSGPOXAXJE&marketplace=FLIPKART&otracker=search&fm=organic&iid=2583e2bd-7a2c-4a10-9216-ae8be1fca7a5.SHOFZSPACF2GSSGP.SEARCH&ssid=mqht4qpof40000001599207972615&qH=2d7d99166bc4a50f
Nike BRAVATA II FG Football Shoes For Men,"₹1,887",,https://rukminim1.flixcart.com/image/309/371/jialea80/shoe/n/p/y/bravata-ii-fg-ni-6-nike-black-white-black-original-imaf64g3zzbtttqq.jpeg?q=50,https://www.flipkart.com/nike-bravata-ii-fg-football-shoes-men/p/itmf3xvbhmpqnbyt?pid=SHOFFD2GSS5F346R&lid=LSTSHOFFD2GSS5F346RWVAOC5&marketplace=FLIPKART&otracker=search&fm=organic&iid=2583e2bd-7a2c-4a10-9216-ae8be1fca7a5.SHOFFD2GSS5F346R.SEARCH&ssid=mqht4qpof40000001599207972615&qH=2d7d99166bc4a50f
Nike Court Borough Mid High Tops For Men,"₹2,943",,https://rukminim1.flixcart.com/image/309/371/k6mibgw0/shoe/c/b/f/838938-111-13-nike-white-white-white-original-imafgfgyuphfdhgm.jpeg?q=50,https://www.flipkart.com/nike-court-borough-mid-high-tops-men/p/itmfg3erzgqhcs87?pid=SHOFG2QFBTFTCWBT&lid=LSTSHOFG2QFBTFTCWBTLPZOEP&marketplace=FLIPKART&otracker=search&fm=organic&iid=2583e2bd-7a2c-4a10-9216-ae8be1fca7a5.SHOFG2QFBTFTCWBT.SEARCH&ssid=mqht4qpof40000001599207972615&qH=2d7d99166bc4a50f
Nike REVOLUTION 5 Running Shoes For Men,"₹2,769",,https://rukminim1.flixcart.com/image/309/371/k65d18w0pkrrdj/shoe/c/g/z/6-bq3204-001-nike-original-imafh3zn767mc5eu.jpeg?q=50,https://www.flipkart.com/nike-revolution-5-running-shoes-men/p/itmcea6d2f698293?pid=SHOFK455RETDCXKN&lid=LSTSHOFK455RETDCXKNJTWXIH&marketplace=FLIPKART&otracker=search&fm=organic&iid=2583e2bd-7a2c-4a10-9216-ae8be1fca7a5.SHOFK455RETDCXKN.SEARCH&ssid=mqht4qpof40000001599207972615&qH=2d7d99166bc4a50f
Nike Flex Experience Run 9 Running Shoes For Men,"₹3,696",,https://rukminim1.flixcart.com/image/309/371/kd3f3bk0/shoe/j/k/m/cd0225-002-nike-lt-smoke-grey-black-particle-grey-original-imafu3f9sfyuyk88.jpeg?q=50,https://www.flipkart.com/nike-flex-experience-run-9-running-shoes-men/p/itmafa52f23b2c4d?pid=SHOFZSPBSBGGXS6Q&lid=LSTSHOFZSPBSBGGXS6QPUO84E&marketplace=FLIPKART&otracker=search&fm=organic&iid=2583e2bd-7a2c-4a10-9216-ae8be1fca7a5.SHOFZSPBSBGGXS6Q.SEARCH&ssid=mqht4qpof40000001599207972615&qH=2d7d99166bc4a50f
Nike Downshifter 10 Running Shoes For Men,"₹3,036",,https://rukminim1.flixcart.com/image/309/371/kd69z0w0/shoe/n/o/q/ci9981-401-nike-deep-royal-blue-white-hyper-blue-original-imafu4tkqazhnwgz.jpeg?q=50,https://www.flipkart.com/nike-downshifter-10-running-shoes-men/p/itm6adeca7d0505e?pid=SHOFZSPBTKTQSZP9&lid=LSTSHOFZSPBTKTQSZP9T8CCFA&marketplace=FLIPKART&otracker=search&fm=organic&iid=2583e2bd-7a2c-4a10-9216-ae8be1fca7a5.SHOFZSPBTKTQSZP9.SEARCH&ssid=mqht4qpof40000001599207972615&qH=2d7d99166bc4a50f
Nike Retaliation Tr 2 Training & Gym Shoes For Men,"₹4,960",,https://rukminim1.flixcart.com/image/309/371/k40798w0/shoe/n/q/8/aa7063-010-13-nike-black-mtlc-cool-grey-anthracite-original-imafnymdbnmzk2pc.jpeg?q=50,https://www.flipkart.com/nike-retaliation-tr-2-training-gym-shoes-men/p/itmf9cb1e0d0fb07?pid=SHOFHW86CUGHNAAB&lid=LSTSHOFHW86CUGHNAABYVU7SU&marketplace=FLIPKART&otracker=search&fm=organic&iid=2583e2bd-7a2c-4a10-9216-ae8be1fca7a5.SHOFHW86CUGHNAAB.SEARCH&ssid=mqht4qpof40000001599207972615&qH=2d7d99166bc4a50f
Nike Revolution 4 Running Shoes For Men,"₹2,513",,https://rukminim1.flixcart.com/image/309/371/k65d18w0pkrrdj/shoe/a/h/8/10-908988-011-nike-original-imafjf7jpbygpzgb.jpeg?q=50,https://www.flipkart.com/nike-revolution-4-running-shoes-men/p/itmfg72wzvuztgsv?pid=SHOFG2HS5B7G4YXF&lid=LSTSHOFG2HS5B7G4YXFQZM6Y7&marketplace=FLIPKART&otracker=search&fm=organic&iid=2583e2bd-7a2c-4a10-9216-ae8be1fca7a5.SHOFG2HS5B7G4YXF.SEARCH&ssid=mqht4qpof40000001599207972615&qH=2d7d99166bc4a50f
Nike Revolution 5 Running Shoes For Men,"₹2,808",,https://rukminim1.flixcart.com/image/309/371/k6i7zww0/shoe/k/s/5/bq3204-004-10-nike-black-university-blue-laser-orange-white-original-imafzyygxyj8k7xh.jpeg?q=50,https://www.flipkart.com/nike-revolution-5-running-shoes-men/p/itmd33624701668d?pid=SHOFMJKSVAYMNFJX&lid=LSTSHOFMJKSVAYMNFJX3F4BGA&marketplace=FLIPKART&otracker=search&fm=organic&iid=2583e2bd-7a2c-4a10-9216-ae8be1fca7a5.SHOFMJKSVAYMNFJX.SEARCH&ssid=mqht4qpof40000001599207972615&qH=2d7d99166bc4a50f
Nike Retaliation Tr 2 Training & Gym Shoes For Men,"₹4,960",,https://rukminim1.flixcart.com/image/309/371/jyoq93k0/shoe/n/n/p/aa7063-020-8-nike-cool-grey-black-wolf-grey-original-imafgv4ych6mzuha.jpeg?q=50,https://www.flipkart.com/nike-retaliation-tr-2-training-gym-shoes-men/p/itmfg7xzhmzsrezf?pid=SHOFG2HSQZ2G9DYK&lid=LSTSHOFG2HSQZ2G9DYKHAYGUR&marketplace=FLIPKART&otracker=search&fm=organic&iid=2583e2bd-7a2c-4a10-9216-ae8be1fca7a5.SHOFG2HSQZ2G9DYK.SEARCH&ssid=mqht4qpof40000001599207972615&qH=2d7d99166bc4a50f
Nike Pantheos Shoe Running Shoes For Men,"₹3,479",,https://rukminim1.flixcart.com/image/309/371/kcjexe80/shoe/t/i/3/916776-100-nike-summit-white-hot-punch-black-original-imaftn3g9z88n9tv.jpeg?q=50,https://www.flipkart.com/nike-pantheos-shoe-running-shoes-men/p/itm27d98a50031d8?pid=SHOFGPRW7CGMQ8U7&lid=LSTSHOFGPRW7CGMQ8U77P7NF2&marketplace=FLIPKART&otracker=search&fm=organic&iid=2583e2bd-7a2c-4a10-9216-ae8be1fca7a5.SHOFGPRW7CGMQ8U7.SEARCH&ssid=mqht4qpof40000001599207972615&qH=2d7d99166bc4a50f
Nike Downshifter 9 Running Shoes For Men,"₹3,036",,https://rukminim1.flixcart.com/image/309/371/juh9ksw0/shoe/2/5/s/aq7481-002-11-nike-black-white-anthracite-cool-grey-original-imaffgxxsn7zhz5m.jpeg?q=50,https://www.flipkart.com/nike-downshifter-9-running-shoes-men/p/itmfenfkgzxhu8px?pid=SHOFENFKWQ4FHUYV&lid=LSTSHOFENFKWQ4FHUYVS2CQOA&marketplace=FLIPKART&otracker=search&fm=organic&iid=2583e2bd-7a2c-4a10-9216-ae8be1fca7a5.SHOFENFKWQ4FHUYV.SEARCH&ssid=mqht4qpof40000001599207972615&qH=2d7d99166bc4a50f
Nike Running Shoes For Men,"₹4,376",,https://rukminim1.flixcart.com/image/309/371/ke353m80-0/shoe/1/s/e/cj1670-003-13-nike-pure-platinum-indigo-fog-white-original-imafuus4mutrpxvq.jpeg?q=50,https://www.flipkart.com/nike-running-shoes-men/p/itmcfbcdff9e9f59?pid=SHOFZSPAFMQTZ4BB&lid=LSTSHOFZSPAFMQTZ4BBZ5RA1B&marketplace=FLIPKART&otracker=search&fm=organic&iid=2583e2bd-7a2c-4a10-9216-ae8be1fca7a5.SHOFZSPAFMQTZ4BB.SEARCH&ssid=mqht4qpof40000001599207972615&qH=2d7d99166bc4a50f
Nike Explore Strada Running Shoes For Men,"₹2,671",,https://rukminim1.flixcart.com/image/309/371/k6l2vm80/shoe/h/q/m/cd7093-001-11-nike-nk-explore-strada-original-imafpyhaz7hdcxet.jpeg?q=50,https://www.flipkart.com/nike-explore-strada-running-shoes-men/p/itm0538c73c31936?pid=SHOFGPRSQ9NEGUKD&lid=LSTSHOFGPRSQ9NEGUKDQMQ21G&marketplace=FLIPKART&otracker=search&fm=organic&iid=2583e2bd-7a2c-4a10-9216-ae8be1fca7a5.SHOFGPRSQ9NEGUKD.SEARCH&ssid=mqht4qpof40000001599207972615&qH=2d7d99166bc4a50f
Nike BRAVATA II FG Football Shoe For Men,"₹1,975",,https://rukminim1.flixcart.com/image/309/371/jyrl4sw0/shoe/f/z/a/844436-070-7-nike-black-volt-original-imafgxhyhrx6e263.jpeg?q=50,https://www.flipkart.com/nike-bravata-ii-fg-football-shoe-men/p/itmf3xwgr4sw98fb?pid=SHOFG2B2ZDJJ6ZKS&lid=LSTSHOFG2B2ZDJJ6ZKSZOEJ30&marketplace=FLIPKART&otracker=search&fm=organic&iid=2583e2bd-7a2c-4a10-9216-ae8be1fca7a5.SHOFG2B2ZDJJ6ZKS.SEARCH&ssid=mqht4qpof40000001599207972615&qH=2d7d99166bc4a50f
