Salomon Full Sleeve Solid Men Jacket,"₹4,024",,https://rukminim1.flixcart.com/image/309/371/kdyus280/jacket/4/a/t/m-lc1047200-salomon-original-imafuquvjfvunjaw.jpeg?q=50,https://www.flipkart.com/salomon-full-sleeve-solid-men-jacket/p/itmfghty7xkvg7uc?pid=JCKFGHMVPYMHP9XT&lid=LSTJCKFGHMVPYMHP9XTPEDCXR&marketplace=FLIPKART&srno=s_1_1&otracker=search&fm=organic&iid=cbc7986e-d374-4cfe-aff2-e022f1f87673.JCKFGHMVPYMHP9XT.SEARCH&ssid=le2m7t3bb40000001599114432624&qH=d96e402fd502653d
Salomon Full Sleeve Solid Men Jacket,"₹3,849",,https://rukminim1.flixcart.com/image/309/371/kdyus280/jacket/u/z/v/m-l40402500-salomon-original-imafuqugwgd748mn.jpeg?q=50,https://www.flipkart.com/salomon-full-sleeve-solid-men-jacket/p/itmfgzqzayhphsfu?pid=JCKFGHMW9XFZYUZV&lid=LSTJCKFGHMW9XFZYUZV7R2ZFJ&marketplace=FLIPKART&srno=s_1_2&otracker=search&fm=organic&iid=cbc7986e-d374-4cfe-aff2-e022f1f87673.JCKFGHMW9XFZYUZV.SEARCH&ssid=le2m7t3bb40000001599114432624&qH=d96e402fd502653d
Salomon Full Sleeve Solid Men Jacket,"₹4,724",,https://rukminim1.flixcart.com/image/309/371/kdyus280/jacket/7/r/u/m-lc1061200-salomon-original-imafuquvxau2acnr.jpeg?q=50,https://www.flipkart.com/salomon-full-sleeve-solid-men-jacket/p/itmfghsxtyuzpgky?pid=JCKFGHMVQGH7VPRX&lid=LSTJCKFGHMVQGH7VPRXCEZ6TW&marketplace=FLIPKART&srno=s_1_3&otracker=search&fm=organic&iid=cbc7986e-d374-4cfe-aff2-e022f1f87673.JCKFGHMVQGH7VPRX.SEARCH&ssid=le2m7t3bb40000001599114432624&qH=d96e402fd502653d
Salomon Full Sleeve Solid Men Jacket,"₹4,724",,https://rukminim1.flixcart.com/image/309/371/kdyus280/jacket/e/r/p/l-lc1118600-salomon-original-imafuquv7h3zcwrg.jpeg?q=50,https://www.flipkart.com/salomon-full-sleeve-solid-men-jacket/p/itm58a3b51467631?pid=JCKFGHMVFQ4KZY4A&lid=LSTJCKFGHMVFQ4KZY4AP1WRIS&marketplace=FLIPKART&srno=s_1_4&otracker=search&fm=organic&iid=cbc7986e-d374-4cfe-aff2-e022f1f87673.JCKFGHMVFQ4KZY4A.SEARCH&ssid=le2m7t3bb40000001599114432624&qH=d96e402fd502653d
Salomon Full Sleeve Solid Men Jacket,"₹4,024",,https://rukminim1.flixcart.com/image/309/371/kdyus280/jacket/r/v/f/xl-lc1047400-salomon-original-imafuquvmyqwz9ar.jpeg?q=50,https://www.flipkart.com/salomon-full-sleeve-solid-men-jacket/p/itmfghtyxv33wmf7?pid=JCKFGHNF6ZYBGRVF&lid=LSTJCKFGHNF6ZYBGRVFSI1NUZ&marketplace=FLIPKART&srno=s_1_5&otracker=search&fm=organic&iid=cbc7986e-d374-4cfe-aff2-e022f1f87673.JCKFGHNF6ZYBGRVF.SEARCH&ssid=le2m7t3bb40000001599114432624&qH=d96e402fd502653d
Salomon Full Sleeve Solid Men Jacket,"₹4,024",,https://rukminim1.flixcart.com/image/309/371/jvmpci80/jacket/h/y/b/xl-lc1117800-salomon-original-imafghs2csgkbztv.jpeg?q=50,https://www.flipkart.com/salomon-full-sleeve-solid-men-jacket/p/itmfghs2vzdtujct?pid=JCKFGHMVXHBNYPY9&lid=LSTJCKFGHMVXHBNYPY9ROZFYS&marketplace=FLIPKART&srno=s_1_6&otracker=search&fm=organic&iid=cbc7986e-d374-4cfe-aff2-e022f1f87673.JCKFGHMVXHBNYPY9.SEARCH&ssid=le2m7t3bb40000001599114432624&qH=d96e402fd502653d
Salomon Full Sleeve Solid Men Jacket,"₹8,224",,https://rukminim1.flixcart.com/image/309/371/kdyus280/jacket/z/x/h/m-l39425200-salomon-original-imafuqughhhkn4ed.jpeg?q=50,https://www.flipkart.com/salomon-full-sleeve-solid-men-jacket/p/itmfghsk89up7uwg?pid=JCKFGHMWA8QWJWQ2&lid=LSTJCKFGHMWA8QWJWQ2JCZ1VF&marketplace=FLIPKART&srno=s_1_7&otracker=search&fm=organic&iid=cbc7986e-d374-4cfe-aff2-e022f1f87673.JCKFGHMWA8QWJWQ2.SEARCH&ssid=le2m7t3bb40000001599114432624&qH=d96e402fd502653d
Salomon Full Sleeve Solid Men Jacket,"₹4,024",,https://rukminim1.flixcart.com/image/309/371/kdyus280/jacket/9/d/n/m-lc1047300-salomon-original-imafuqugghfgefuh.jpeg?q=50,https://www.flipkart.com/salomon-full-sleeve-solid-men-jacket/p/itmfghs3twgpr72a?pid=JCKFGHMWRKNVZXZA&lid=LSTJCKFGHMWRKNVZXZADE5IPO&marketplace=FLIPKART&srno=s_1_8&otracker=search&fm=organic&iid=cbc7986e-d374-4cfe-aff2-e022f1f87673.JCKFGHMWRKNVZXZA.SEARCH&ssid=le2m7t3bb40000001599114432624&qH=d96e402fd502653d
Salomon Half Sleeve Solid Men Jacket,"₹3,674",,https://rukminim1.flixcart.com/image/309/371/jvo4scw0/jacket/y/r/f/s-lc1033900-salomon-original-imafgjf7bhnxj4gw.jpeg?q=50,https://www.flipkart.com/salomon-half-sleeve-solid-men-jacket/p/itmc3df60e84eec3?pid=JCKFGGXHMHW3KAZH&lid=LSTJCKFGGXHMHW3KAZHCZBAWW&marketplace=FLIPKART&srno=s_1_9&otracker=search&fm=organic&iid=cbc7986e-d374-4cfe-aff2-e022f1f87673.JCKFGGXHMHW3KAZH.SEARCH&ssid=le2m7t3bb40000001599114432624&qH=d96e402fd502653d
Salomon Half Sleeve Solid Men Jacket,"₹3,674",,https://rukminim1.flixcart.com/image/309/371/jvo4scw0/jacket/f/f/x/xs-lc1034000-salomon-original-imafgjfcswm9zpfz.jpeg?q=50,https://www.flipkart.com/salomon-half-sleeve-solid-men-jacket/p/itmd6c2d3d0d1b45?pid=JCKFGGXKXCCSPSQZ&lid=LSTJCKFGGXKXCCSPSQZN9CRER&marketplace=FLIPKART&srno=s_1_10&otracker=search&fm=organic&iid=cbc7986e-d374-4cfe-aff2-e022f1f87673.JCKFGGXKXCCSPSQZ.SEARCH&ssid=le2m7t3bb40000001599114432624&qH=d96e402fd502653d
