Nursery English Worksheets - Worksheets,₹171,4.5,https://rukminim1.flixcart.com/image/612/612/jpmxuvk0/book/9/6/7/nursery-english-original-imafbtrrkeu3u44r.jpeg?q=70,https://www.flipkart.com/nursery-english-worksheets/p/itm9df865c3064f3?pid=9789387971967&lid=LSTBOK9789387971967IJV6XX&marketplace=FLIPKART&srno=s_1_1&otracker=search&fm=organic&iid=en_6IcA8Ven90idlWFMmsLkrY1O62K6Lvbz6OOoFXNeqObGSZ9Lp6TiI8JX%2FkI7oGy0Xh5SHcxG0uMbh2yFlPw5ig%3D%3D&ssid=cjivjypdgw0000001599067952951&qH=7d8949bcbf85067f
Story Books Set of 10 in English with 101 Moral Stories...,₹260,4.3,https://rukminim1.flixcart.com/image/612/612/jqwny4w0/book/5/0/0/story-books-set-of-10-in-english-with-101-moral-stories-from-original-imafctshfj8btpkp.jpeg?q=70,https://www.flipkart.com/story-books-set-10-english-101-moral-stories-inikao/p/itm5f374286d9902?pid=9788193608500&lid=LSTBOK9788193608500PRDYTJ&marketplace=FLIPKART&srno=s_1_2&otracker=search&fm=organic&iid=en_6IcA8Ven90idlWFMmsLkrY1O62K6Lvbz6OOoFXNeqOYK8EceCSfk6RO2Z0cm8Jsm3GMEnUgYM6WlWlZW5s5QGQ%3D%3D&ssid=cjivjypdgw0000001599067952951&qH=7d8949bcbf85067f
Writing Fun-Set of 4 Books,₹106,4.4,https://rukminim1.flixcart.com/image/612/612/jucz98w0/book/1/3/5/writing-fun-set-of-4-books-original-imaffgegfstgz6vv.jpeg?q=70,https://www.flipkart.com/writing-fun-set-4-books/p/itm9cdd0c4fb63ad?pid=9789388810135&lid=LSTBOK9789388810135UXJFHV&marketplace=FLIPKART&srno=s_1_3&otracker=search&fm=organic&iid=6636e388-881c-45d8-a1cc-8f712e47350e.9789388810135.SEARCH&ssid=cjivjypdgw0000001599067952951&qH=7d8949bcbf85067f
One Arranged Murder,₹175,NA,https://rukminim1.flixcart.com/image/612/612/kdxfc7k0/book/1/3/9/one-arranged-murder-original-imafuqfpfthrvzsz.jpeg?q=70,https://www.flipkart.com/one-arranged-murder/p/itme989c8fa07bc4?pid=9781542094139&lid=LSTBOK9781542094139A5FY6R&marketplace=FLIPKART&srno=s_1_4&otracker=search&fm=organic&iid=6636e388-881c-45d8-a1cc-8f712e47350e.9781542094139.SEARCH&ssid=cjivjypdgw0000001599067952951&qH=7d8949bcbf85067f
Picture Book Collections for Eary Learning ,₹250,4.3,https://rukminim1.flixcart.com/image/612/612/jefzonk0/book/7/0/9/picture-book-collections-for-eary-learning-set-of-12-original-imaf34fwcfwabmrh.jpeg?q=70,https://www.flipkart.com/picture-book-collections-eary-learning-set-12-my-abc-numbers-colours-shapes-good-habits-my-parts-body-flowers-fruits-vegetables-birds-domestic-animals-wild-vehicles/p/itmf34hp6qycgfdz?pid=9788193698709&lid=LSTBOK9788193698709PA5BWF&marketplace=FLIPKART&srno=s_1_5&otracker=search&fm=organic&iid=6636e388-881c-45d8-a1cc-8f712e47350e.9788193698709.SEARCH&ssid=cjivjypdgw0000001599067952951&qH=7d8949bcbf85067f
EDUTERIA ESI ,₹95,4.5,https://rukminim1.flixcart.com/image/612/612/kdvzwcw0/regionalbooks/9/t/6/eduteria-esi-sub-inspector-test-series-original-imafuzp6m5bheszf.jpeg?q=70,https://www.flipkart.com/eduteria-esi-sub-inspector-test-series/p/itm4524b05857998?pid=RBKFUZMHBWRHJ9T6&lid=LSTRBKFUZMHBWRHJ9T666GRXO&marketplace=FLIPKART&srno=s_1_6&otracker=search&fm=organic&iid=6636e388-881c-45d8-a1cc-8f712e47350e.RBKFUZMHBWRHJ9T6.SEARCH&ssid=cjivjypdgw0000001599067952951&qH=7d8949bcbf85067f
My First Book of Patterns Capital Letter,₹46,4.4,https://rukminim1.flixcart.com/image/612/612/jucz98w0/book/0/9/8/my-first-book-of-patterns-capital-letters-original-imaffgegsthw3y7y.jpeg?q=70,https://www.flipkart.com/my-first-book-patterns-capital-letter/p/itm4c7feb1909bfa?pid=9789388810098&lid=LSTBOK9789388810098YGLQKZ&marketplace=FLIPKART&srno=s_1_7&otracker=search&fm=organic&iid=6636e388-881c-45d8-a1cc-8f712e47350e.9789388810098.SEARCH&ssid=cjivjypdgw0000001599067952951&qH=7d8949bcbf85067f
Rapid General Knowledge 2021 for Competitive Exams,₹35,4.5,https://rukminim1.flixcart.com/image/612/612/k6v2ykw0/book/3/2/7/rapid-general-knowledge-2021-for-competitive-exams-3rd-edition-original-imafp8hwhusxgsgh.jpeg?q=70,https://www.flipkart.com/rapid-general-knowledge-2021-competitive-exams/p/itm98a60f95954f7?pid=9789389986327&lid=LSTBOK9789389986327QF4XYQ&marketplace=FLIPKART&srno=s_1_8&otracker=search&fm=organic&iid=6636e388-881c-45d8-a1cc-8f712e47350e.9789389986327.SEARCH&ssid=cjivjypdgw0000001599067952951&qH=7d8949bcbf85067f
The Alchemist,₹140,4.4,https://rukminim1.flixcart.com/image/612/612/book/1/0/5/the-alchemist-original-imad73jtmrr2ngw7.jpeg?q=70,https://www.flipkart.com/the-alchemist/p/itmfc9jxsc7dckfm?pid=9788186177105&lid=LSTBOK9788186177105CI3O6T&marketplace=FLIPKART&srno=s_1_9&otracker=search&fm=organic&iid=6636e388-881c-45d8-a1cc-8f712e47350e.9788186177105.SEARCH&ssid=cjivjypdgw0000001599067952951&qH=7d8949bcbf85067f
The Malayala Manorama English Yearbook 2020,₹246,4.5,https://rukminim1.flixcart.com/image/612/612/k3erngw0/book/9/9/5/manorama-yearbook-2020-english-original-imafmjttdzhafd56.jpeg?q=70,https://www.flipkart.com/malayala-manorama-english-yearbook-2020/p/itmfc6ca73f58698?pid=9788194229995&lid=LSTBOK9788194229995GW5JML&marketplace=FLIPKART&srno=s_1_10&otracker=search&fm=organic&iid=6636e388-881c-45d8-a1cc-8f712e47350e.9788194229995.SEARCH&ssid=cjivjypdgw0000001599067952951&qH=7d8949bcbf85067f
Think Like a Monk - Train Your Mind for Peace and Purpo...,₹393,NA,https://rukminim1.flixcart.com/image/612/612/k1v1h8w0/book/5/9/7/think-like-a-monk-original-imafhyxcchpyf2sb.jpeg?q=70,https://www.flipkart.com/think-like-monk-train-your-mind-peace-purpose-every-day/p/itm7aa0c08edb6a1?pid=9780008386597&lid=LSTBOK9780008386597YY5U4Y&marketplace=FLIPKART&srno=s_1_11&otracker=search&fm=organic&iid=6636e388-881c-45d8-a1cc-8f712e47350e.9780008386597.SEARCH&ssid=cjivjypdgw0000001599067952951&qH=7d8949bcbf85067f
Oxford Student Atlas for India,₹289,4.5,https://rukminim1.flixcart.com/image/612/612/jz30nm80/book/0/1/8/oxford-student-atlas-for-india-4th-edition-original-imafj4jgxxau7wyf.jpeg?q=70,https://www.flipkart.com/oxford-student-atlas-india/p/itmczyt9gpdg6uxp?pid=9780199475018&lid=LSTBOK97801994750187BJOYM&marketplace=FLIPKART&srno=s_1_12&otracker=search&fm=organic&iid=6636e388-881c-45d8-a1cc-8f712e47350e.9780199475018.SEARCH&ssid=cjivjypdgw0000001599067952951&qH=7d8949bcbf85067f
7 Years Upsc IAS/ Ips Mains Essay Year-Wise Solved Pape...,₹90,4.3,https://rukminim1.flixcart.com/image/612/612/kabe9ow0/book/2/6/2/7-years-upsc-ias-ips-mains-essay-year-wise-solved-papers-2013-original-imafrx2gwksfswgp.jpeg?q=70,https://www.flipkart.com/7-years-upsc-ias-ips-mains-essay-year-wise-solved-papers-2013-2019/p/itm36273191a514c?pid=9789389645262&lid=LSTBOK9789389645262KWMGBV&marketplace=FLIPKART&srno=s_1_13&otracker=search&fm=organic&iid=6636e388-881c-45d8-a1cc-8f712e47350e.9789389645262.SEARCH&ssid=cjivjypdgw0000001599067952951&qH=7d8949bcbf85067f
Upsc Syllabus & Tips to Crack IAS Prarambhik & Mukhya P...,₹128,4.2,https://rukminim1.flixcart.com/image/612/612/jkk1hu80/book/2/0/8/upsc-syllabus-tips-to-crack-ias-original-imaf7vnpvpyefgxf.jpeg?q=70,https://www.flipkart.com/upsc-syllabus-tips-crack-ias-prarambhik-mukhya-pariksha-rapid-samanya-gyan-2019/p/itmb0c1f689e7f83?pid=9789388240208&lid=LSTBOK97893882402087EGG1J&marketplace=FLIPKART&srno=s_1_14&otracker=search&fm=organic&iid=en_6IcA8Ven90idlWFMmsLkrY1O62K6Lvbz6OOoFXNeqOa4cAWTtSC4oqMT%2BqiXZ86OElWGeOMKi%2BMQrbaSxxDzOQ%3D%3D&ssid=cjivjypdgw0000001599067952951&qH=7d8949bcbf85067f
An Introduction to Assam General Knowledge,₹234,4.5,https://rukminim1.flixcart.com/image/612/612/kbpeoi80/book/1/3/1/an-introduction-to-assam-general-knowledge-original-imafty2fg2ggmydf.jpeg?q=70,https://www.flipkart.com/introduction-assam-general-knowledge/p/itmbe36b024fbac7?pid=9789389949131&lid=LSTBOK9789389949131BLFPXB&marketplace=FLIPKART&srno=s_1_15&otracker=search&fm=organic&iid=6636e388-881c-45d8-a1cc-8f712e47350e.9789389949131.SEARCH&ssid=cjivjypdgw0000001599067952951&qH=7d8949bcbf85067f
My First Book of Patterns Numbers 1 to 20,₹106,4.5,https://rukminim1.flixcart.com/image/612/612/jucz98w0/book/1/1/1/my-first-book-of-patterns-numbers-1-to-20-original-imaffgegskwzh6me.jpeg?q=70,https://www.flipkart.com/my-first-book-patterns-numbers-1-20/p/itmf6rtrmwrxnkj3?pid=9789388810111&lid=LSTBOK9789388810111XQQ99M&marketplace=FLIPKART&srno=s_1_16&otracker=search&fm=organic&iid=6636e388-881c-45d8-a1cc-8f712e47350e.9789388810111.SEARCH&ssid=cjivjypdgw0000001599067952951&qH=7d8949bcbf85067f
Ruk Jaana Nahin,₹137,4.4,https://rukminim1.flixcart.com/image/612/612/k2z1t3k0/book/7/8/1/ruk-jaana-nahin-original-imafm6qs6ysgfksv.jpeg?q=70,https://www.flipkart.com/ruk-jaana-nahin/p/itm0b53d49661680?pid=9780488954781&lid=LSTBOK9780488954781ITCQ8D&marketplace=FLIPKART&srno=s_1_17&otracker=search&fm=organic&iid=6636e388-881c-45d8-a1cc-8f712e47350e.9780488954781.SEARCH&ssid=cjivjypdgw0000001599067952951&qH=7d8949bcbf85067f
"Rogi Swayam Chikitsak, Focuses On Ayurveda, Daily Habit...",₹149,4.4,https://rukminim1.flixcart.com/image/612/612/jbl3zbk0/regionalbooks/v/f/d/rogi-swayam-chikitsak-focuses-on-ayurveda-daily-habits-change-original-imafywhuu6rz4vnf.jpeg?q=70,https://www.flipkart.com/rogi-swayam-chikitsak-focuses-ayurveda-daily-habits-change-your-life-per-ayurveda-healthy-life-medicine-living-wellness-natural-health-science-self-healing-ayurvedic-knowledge-care-home-remedies-kitchen-india-body-nutrition-tri-dosha-diet-swadeshi-chikitsa-without-doctor-secert-methods-principals-cooking-prevention-disease-cookbook-child-care-helthcare-book/p/itmfywq9cfgmfskm?pid=RBKFYWZHHATG9VFD&lid=LSTRBKFYWZHHATG9VFDOWZWCZ&marketplace=FLIPKART&srno=s_1_18&otracker=search&fm=organic&iid=6636e388-881c-45d8-a1cc-8f712e47350e.RBKFYWZHHATG9VFD.SEARCH&ssid=cjivjypdgw0000001599067952951&qH=7d8949bcbf85067f
My First Library - First Mini Library of 10 Board Books...,₹501,4.5,https://rukminim1.flixcart.com/image/612/612/jucz98w0/book/0/4/3/my-first-library-10-books-original-imaffgegh2tfegf6.jpeg?q=70,https://www.flipkart.com/my-first-library-mini-10-board-books-develop-basic-concepts-little-scholars-well-researched-pictures-ensure-faster-development-child-s-vocabulary/p/itmfbcznqkbyzdsu?pid=9789388810043&lid=LSTBOK9789388810043IZQPJR&marketplace=FLIPKART&srno=s_1_19&otracker=search&fm=organic&iid=6636e388-881c-45d8-a1cc-8f712e47350e.9789388810043.SEARCH&ssid=cjivjypdgw0000001599067952951&qH=7d8949bcbf85067f
Introduction to Algorithms 3rd  Edition,"₹1,498",4.4,https://rukminim1.flixcart.com/image/612/612/jl5h3m80/book/0/7/7/introduction-to-algorithms-original-imaf8cfwr7edgndb.jpeg?q=70,https://www.flipkart.com/introduction-algorithms-3rd/p/itmdwxyrafdburzg?pid=9788120340077&lid=LSTBOK9788120340077YESI3E&marketplace=FLIPKART&srno=s_1_20&otracker=search&fm=organic&iid=en_6IcA8Ven90idlWFMmsLkrY1O62K6Lvbz6OOoFXNeqObcvuB%2FXoV7Urikf8stEYw8FvpAh9EHBgZDyLs8YPI80Q%3D%3D&ssid=cjivjypdgw0000001599067952951&qH=7d8949bcbf85067f
Rich Dad Poor Dad,₹142,4.3,https://rukminim1.flixcart.com/image/612/612/jk2w7m80/regionalbooks/r/z/k/rich-dad-poor-dad-original-imaf5zy2dpakzmsx.jpeg?q=70,https://www.flipkart.com/rich-dad-poor/p/itmf7ggunwvtkkh6?pid=RBKF7GCPTP2QFRZK&lid=LSTRBKF7GCPTP2QFRZKBOAIRJ&marketplace=FLIPKART&srno=s_1_21&otracker=search&fm=organic&iid=6636e388-881c-45d8-a1cc-8f712e47350e.RBKF7GCPTP2QFRZK.SEARCH&ssid=cjivjypdgw0000001599067952951&qH=7d8949bcbf85067f
Bhagavad Gita As It Is ,₹239,4.7,https://rukminim1.flixcart.com/image/612/612/jpbic280/regionalbooks/r/x/j/bhagavad-gita-as-it-is-english-hardcover-a-c-bhaktivedanta-swami-original-imafbhgsujxmcph8.jpeg?q=70,https://www.flipkart.com/bhagavad-gita-english-hardcover-a-c-bhaktivedanta-swami-prabhupada/p/itmf6df6ssf5v8ba?pid=RBKF6D7Z4KGGDRXJ&lid=LSTRBKF6D7Z4KGGDRXJOFLG3W&marketplace=FLIPKART&srno=s_1_22&otracker=search&fm=organic&iid=6636e388-881c-45d8-a1cc-8f712e47350e.RBKF6D7Z4KGGDRXJ.SEARCH&ssid=cjivjypdgw0000001599067952951&qH=7d8949bcbf85067f
Wbcs General Studies Manual,₹699,4.4,https://rukminim1.flixcart.com/image/612/612/k1fbmvk0/book/0/8/3/wbcs-general-studies-manual-for-preliminary-and-main-original-imafkzzgfqzggznz.jpeg?q=70,https://www.flipkart.com/wbcs-general-studies-manual/p/itm01fdf75bdf3a9?pid=9789389538083&lid=LSTBOK97893895380836ZMNWY&marketplace=FLIPKART&srno=s_1_23&otracker=search&fm=organic&iid=6636e388-881c-45d8-a1cc-8f712e47350e.9789389538083.SEARCH&ssid=cjivjypdgw0000001599067952951&qH=7d8949bcbf85067f
505 Activities for Kids,₹165,4.2,https://rukminim1.flixcart.com/image/612/612/ja73ki80/book/6/8/7/505-activities-for-kids-original-imaezttv9gmc7gty.jpeg?q=70,https://www.flipkart.com/505-activities-kids/p/itm475bd36cd3d5a?pid=9789350899687&lid=LSTBOK9789350899687SJ3VMT&marketplace=FLIPKART&srno=s_1_24&otracker=search&fm=organic&iid=en_6IcA8Ven90idlWFMmsLkrY1O62K6Lvbz6OOoFXNeqOaGU5SS%2F2VvJMaBOIj2RiS2CA46%2BP%2Bo2FgZxeCoufjHhw%3D%3D&ssid=cjivjypdgw0000001599067952951&qH=7d8949bcbf85067f
The Power of Your Subconscious Mind,₹159,4.5,https://rukminim1.flixcart.com/image/612/612/jjn6d8w0/book/9/7/4/the-power-of-your-subconscious-mind-original-imaf76dezenjrrxk.jpeg?q=70,https://www.flipkart.com/power-your-subconscious-mind/p/itmfc599jmcfhhwm?pid=9780143442974&lid=LSTBOK97801434429741DUWFB&marketplace=FLIPKART&srno=s_1_25&otracker=search&fm=organic&iid=6636e388-881c-45d8-a1cc-8f712e47350e.9780143442974.SEARCH&ssid=cjivjypdgw0000001599067952951&qH=7d8949bcbf85067f
Super 10 Mock Tests for NTA NEET 2020 - 3rd Edition,₹170,4.4,https://rukminim1.flixcart.com/image/612/612/jybvafk0/book/0/5/7/super-10-mock-tests-for-nta-neet-2020-3rd-edition-original-imafgkmf7y29dwsx.jpeg?q=70,https://www.flipkart.com/super-10-mock-tests-nta-neet-2020-3rd/p/itm04c7b6f767dbc?pid=9789389418057&lid=LSTBOK9789389418057XKHIRH&marketplace=FLIPKART&srno=s_1_26&otracker=search&fm=organic&iid=6636e388-881c-45d8-a1cc-8f712e47350e.9789389418057.SEARCH&ssid=cjivjypdgw0000001599067952951&qH=7d8949bcbf85067f
Adhunik Maharashtra Itihaas,₹280,4.5,https://rukminim1.flixcart.com/image/612/612/j3nbwy80/book/7/2/2/adhunik-maharashatracha-itihas-original-imaeuqsyysrrb7ee.jpeg?q=70,https://www.flipkart.com/adhunik-maharashtra-itihaas/p/itm584bf67690478?pid=9789381161722&lid=LSTBOK9789381161722HCHHFV&marketplace=FLIPKART&srno=s_1_27&otracker=search&fm=organic&iid=6636e388-881c-45d8-a1cc-8f712e47350e.9789381161722.SEARCH&ssid=cjivjypdgw0000001599067952951&qH=7d8949bcbf85067f
Bhagavad Gita - Iskcon,₹254,4.7,https://rukminim1.flixcart.com/image/612/612/j2ur3ww0-2/book/2/2/2/bhagavad-gita-yathayatha-bengali-original-imaeu28bmfxgfzng.jpeg?q=70,https://www.flipkart.com/bhagavad-gita-iskcon/p/itmbb746ad6b83f4?pid=9789385986222&lid=LSTBOK9789385986222IP0XW5&marketplace=FLIPKART&srno=s_1_28&otracker=search&fm=organic&iid=6636e388-881c-45d8-a1cc-8f712e47350e.9789385986222.SEARCH&ssid=cjivjypdgw0000001599067952951&qH=7d8949bcbf85067f
COMBO OF 2,₹179,4.1,https://rukminim1.flixcart.com/image/612/612/k6jnfrk0/regionalbooks/u/3/h/combo-of-2-two-books-the-5-am-club-own-your-morning-elevate-your-original-imafzz9jvbym7m5u.jpeg?q=70,https://www.flipkart.com/combo-2-two-books-the-5-am-club-own-your-morning-elevate-life-the-monk-sold-his-ferrari/p/itm71e8ed7bc33f4?pid=RBKFZZ5YQNYVGU3H&lid=LSTRBKFZZ5YQNYVGU3HR9LSMN&marketplace=FLIPKART&srno=s_1_29&otracker=search&fm=organic&iid=6636e388-881c-45d8-a1cc-8f712e47350e.RBKFZZ5YQNYVGU3H.SEARCH&ssid=cjivjypdgw0000001599067952951&qH=7d8949bcbf85067f
The Yearly Current Affairs 2020 for Competitive Exams 5...,₹149,4.2,https://rukminim1.flixcart.com/image/612/612/k30h8y80/book/2/1/7/the-yearly-current-affairs-2020-for-competitive-exams-5th-original-imafm8nptafaaq7p.jpeg?q=70,https://www.flipkart.com/yearly-current-affairs-2020-competitive-exams-5th/p/itm91cdb10486f2b?pid=9789389645217&lid=LSTBOK9789389645217C5TBS9&marketplace=FLIPKART&srno=s_1_30&otracker=search&fm=organic&iid=en_6IcA8Ven90idlWFMmsLkrY1O62K6Lvbz6OOoFXNeqOZGJVxrOYAnS9mEAd%2BI8h%2F2ARci2oabzFMTmCvGOhcJuw%3D%3D&ssid=cjivjypdgw0000001599067952951&qH=7d8949bcbf85067f
My First Book of Patterns Numbers 1 to 20 - Write and P...,₹101,4.5,https://rukminim1.flixcart.com/image/612/612/k0r15e80/book/3/0/3/my-first-book-of-patterns-numbers-1-to-20-original-imafkh9wmabfzggr.jpeg?q=70,https://www.flipkart.com/my-first-book-patterns-numbers-1-20-write-practice/p/itmf6rtrmwrxnkj3?pid=9789387779303&lid=LSTBOK9789387779303FMFLX4&marketplace=FLIPKART&srno=s_1_31&otracker=search&fm=organic&iid=6636e388-881c-45d8-a1cc-8f712e47350e.9789387779303.SEARCH&ssid=cjivjypdgw0000001599067952951&qH=7d8949bcbf85067f
Giant Book Series Princess Colouring Book,₹58,4.6,https://rukminim1.flixcart.com/image/612/612/jucz98w0/book/0/1/2/princess-colouring-book-original-imaffgehzwm8gnv9.jpeg?q=70,https://www.flipkart.com/giant-book-series-princess-colouring/p/itma103a053a6fd5?pid=9789388810012&lid=LSTBOK9789388810012GNWTUV&marketplace=FLIPKART&srno=s_1_32&otracker=search&fm=organic&iid=6636e388-881c-45d8-a1cc-8f712e47350e.9789388810012.SEARCH&ssid=cjivjypdgw0000001599067952951&qH=7d8949bcbf85067f
The Secret,₹235,4.5,//img1a.flixcart.com/www/linchpin/fk-cp-zion/img/placeholder_9951d0.svg,https://www.flipkart.com/the-secret/p/itmfc39yeqczfbhq?pid=9788183226592&lid=LSTBOK9788183226592V3VPPJ&marketplace=FLIPKART&srno=s_1_33&otracker=search&fm=organic&iid=6636e388-881c-45d8-a1cc-8f712e47350e.9788183226592.SEARCH&ssid=cjivjypdgw0000001599067952951&qH=7d8949bcbf85067f
Video Book For Advanced Maths,₹430,4.4,//img1a.flixcart.com/www/linchpin/fk-cp-zion/img/placeholder_9951d0.svg,https://www.flipkart.com/video-book-advanced-maths/p/itma39db73dee3b7?pid=RBKF9Z99UWHBAGU3&lid=LSTRBKF9Z99UWHBAGU3TX5AR9&marketplace=FLIPKART&srno=s_1_34&otracker=search&fm=organic&iid=en_6IcA8Ven90idlWFMmsLkrY1O62K6Lvbz6OOoFXNeqOZkNVTFBvBc9igOJVQj3k1aGYr32u6kiO4FLGNayRlN1w%3D%3D&ssid=cjivjypdgw0000001599067952951&qH=7d8949bcbf85067f
Upsc New Syllabus & Tips to Crack IAS Preliminary and M...,₹108,4.3,//img1a.flixcart.com/www/linchpin/fk-cp-zion/img/placeholder_9951d0.svg,https://www.flipkart.com/upsc-new-syllabus-tips-crack-ias-preliminary-mains-exam-rapid-gk-2019/p/itma0b405ab69cfb?pid=9789388240130&lid=LSTBOK9789388240130ZVENOR&marketplace=FLIPKART&srno=s_1_35&otracker=search&fm=organic&iid=6636e388-881c-45d8-a1cc-8f712e47350e.9789388240130.SEARCH&ssid=cjivjypdgw0000001599067952951&qH=7d8949bcbf85067f
Ikigai,₹223,4.4,//img1a.flixcart.com/www/linchpin/fk-cp-zion/img/placeholder_9951d0.svg,https://www.flipkart.com/ikigai/p/itmf6tphzunajmgh?pid=9789385223983&lid=LSTBOK9789385223983LUAVBH&marketplace=FLIPKART&srno=s_1_36&otracker=search&fm=organic&iid=6636e388-881c-45d8-a1cc-8f712e47350e.9789385223983.SEARCH&ssid=cjivjypdgw0000001599067952951&qH=7d8949bcbf85067f
PHARMACEUTICS-II,₹220,4.5,//img1a.flixcart.com/www/linchpin/fk-cp-zion/img/placeholder_9951d0.svg,https://www.flipkart.com/pharmaceutics-ii/p/itmfeh94jpu4en6b?pid=9788185731964&lid=LSTBOK9788185731964RLY47L&marketplace=FLIPKART&srno=s_1_37&otracker=search&fm=organic&iid=6636e388-881c-45d8-a1cc-8f712e47350e.9788185731964.SEARCH&ssid=cjivjypdgw0000001599067952951&qH=7d8949bcbf85067f
Ncert - Geography ,₹315,4,//img1a.flixcart.com/www/linchpin/fk-cp-zion/img/placeholder_9951d0.svg,https://www.flipkart.com/ncert-geography-new-class-11-12-india-physical-environment-xi-fundamentals-physical-ix-fundamental-human-xii-india-people-economy-class-xii/p/itm1b1bac724e1e6?pid=RBKFT7MDPWKYZ4EP&lid=LSTRBKFT7MDPWKYZ4EPHHZBXM&marketplace=FLIPKART&srno=s_1_38&otracker=search&fm=organic&iid=6636e388-881c-45d8-a1cc-8f712e47350e.RBKFT7MDPWKYZ4EP.SEARCH&ssid=cjivjypdgw0000001599067952951&qH=7d8949bcbf85067f
Creative Crayons Super Pack,₹166,4.6,//img1a.flixcart.com/www/linchpin/fk-cp-zion/img/placeholder_9951d0.svg,https://www.flipkart.com/creative-crayons-super-pack/p/itm38cdbfaeb85a0?pid=9789388810142&lid=LSTBOK9789388810142CWJG38&marketplace=FLIPKART&srno=s_1_39&otracker=search&fm=organic&iid=6636e388-881c-45d8-a1cc-8f712e47350e.9789388810142.SEARCH&ssid=cjivjypdgw0000001599067952951&qH=7d8949bcbf85067f
Colouring Books Collections for Early Learning by InIka...,₹199,4.3,//img1a.flixcart.com/www/linchpin/fk-cp-zion/img/placeholder_9951d0.svg,https://www.flipkart.com/colouring-books-collections-early-learning-inikao-copy-color/p/itmfgkmcfz2zysgp?pid=9788193840627&lid=LSTBOK9788193840627S5UHB2&marketplace=FLIPKART&srno=s_1_40&otracker=search&fm=organic&iid=en_6IcA8Ven90idlWFMmsLkrY1O62K6Lvbz6OOoFXNeqOZWYRtvsEi2569c%2BdjrzoljJydmQmGd9z3RHvIBgXlp3w%3D%3D&ssid=cjivjypdgw0000001599067952951&qH=7d8949bcbf85067f
